,domain,url_len,url_dep,httpDomain,tinyURL,hyphenURL,underscoreURL,subURl,clientURL,adminURL,serverURL,loginURL,dns,domainAge,domainEnd,iframe,forwarding,label
0,ervjeurv80.onedumb.com,31,0,1,0,0,0,1,0,0,0,0,0,0,0,1,1,1
1,rechargejio.lagoo.in,27,0,0,0,0,0,0,0,0,0,0,0,0,0,1,0,1
2,att-102401.weeblysite.com,34,0,1,0,1,0,1,0,0,0,0,0,1,1,1,0,1
3,amazon-dcvbnm.wikaba.com,33,0,1,0,1,0,1,0,0,0,0,0,0,0,1,1,1
4,airdrop.zskync.com,25,0,0,0,0,0,0,0,0,0,0,0,1,1,1,1,1
5,is.gd,35,1,0,1,0,0,2,1,0,0,0,0,1,1,1,0,1
6,fqvepostles.firebaseapp.com,36,0,1,0,0,0,1,0,0,0,0,1,1,1,1,0,1
7,cranialfacialrerlease.project100staging.com,60,1,1,0,0,0,1,0,0,0,0,0,0,0,0,0,1
8,ibjkxyxv.duckdns.org,29,0,1,0,0,0,1,0,0,0,0,0,1,1,1,1,1
9,lakesreek.ml,37,1,1,0,0,0,1,0,0,0,0,0,1,1,1,1,1
10,meta-business-case-bedc6.web.app,41,0,1,0,1,0,1,0,0,0,0,0,1,1,1,0,1
11,cf-ipfs.com,71,2,1,0,1,0,1,0,0,0,0,0,0,0,1,0,1
12,pocketcacd.co.jp.vnchol.top,58,2,0,0,0,0,2,0,0,0,0,0,1,1,1,1,1
13,creditasjis.com,55,1,0,0,0,0,2,0,0,0,1,0,0,0,1,1,1
14,cnfrmationsaccountfb-0192839182342353.work.gd,54,0,1,0,1,0,1,0,0,0,0,0,1,1,1,1,1
15,direct2.jp-bamk.japanpost.jp.zngnw.com,51,0,1,0,1,0,1,0,0,0,0,1,1,1,1,1,1
16,dwsdmss.sendsmtp.com,28,0,1,0,0,0,0,0,0,0,0,0,0,0,1,1,1
17,infura-ipfs.io,86,3,1,0,1,0,2,0,0,0,0,0,1,1,1,0,1
18,644su-baaaa-aaaad-qe77q-cai.ic.fleek.co,48,0,1,0,1,0,1,0,0,0,0,0,0,0,0,0,1
19,humancentrictech.com,39,1,0,0,0,0,1,0,0,0,0,0,1,1,1,0,1
20,trinityhealthcarebrookline.com,43,0,1,0,0,0,1,0,0,0,0,0,0,0,1,0,1
21,f749cf76-3011-452f-adc7-a540d05c74d1.id.repl.co,56,0,1,0,1,0,1,0,0,0,0,0,1,1,1,0,1
22,oewsmstc.info,89,2,1,1,0,0,2,0,0,0,1,0,0,0,1,1,1
23,carousell.funde.shop,57,2,1,0,0,0,1,0,0,0,1,0,0,0,1,1,1
24,inicio.ficohsaingresa.repl.co,38,0,1,0,0,0,1,0,0,0,0,0,1,1,1,0,1
25,nftstorage.link,86,3,1,0,0,0,2,0,0,0,0,0,0,0,1,0,1
26,info.dan.ske.dokument.34-237-124-147.cprapid.com,72,2,1,0,1,0,2,0,0,0,1,0,0,0,1,1,1
27,citizensbankpaymentverify.authorizeddns.net,68,1,1,0,0,0,1,0,0,0,0,0,0,0,1,1,1
28,defiappsprotocol.firebaseapp.com,39,0,0,0,0,0,0,0,0,0,0,1,1,1,1,0,1
29,0lx.2534536.xyz,40,3,0,0,0,0,1,0,0,0,0,0,0,0,1,1,1
30,43.159.48.238,463,3,1,0,0,0,1,0,0,0,0,0,1,1,1,1,1
31,mtalha21.github.io,47,1,1,0,0,0,3,0,0,0,0,0,1,1,1,0,1
32,dkbi.website,21,0,1,0,0,0,1,0,0,0,0,0,0,0,1,1,1
33,lt27.de,22,1,1,0,0,0,1,0,0,0,0,0,1,1,1,0,1
34,storage.googleapis.com,63,2,0,1,0,0,4,0,0,0,0,1,1,1,1,0,1
35,brooks-xsbdyugd.top,59,1,1,0,1,0,2,0,0,0,0,0,1,1,1,1,1
36,sign-yk0l80apc14ry8e3vqfrwjrmjdyvpj80ik115aan.website.yandexcloud.net,78,0,1,0,1,0,1,0,0,0,0,1,1,1,1,0,1
37,meta-for-business-case-eb6fd.web.app,45,0,1,0,1,0,1,0,0,0,0,0,1,1,1,0,1
38,ae0n-bamk.co-jp.tbtmkko.com,64,3,1,0,1,0,2,1,0,0,0,0,1,1,1,1,1
39,amendesregulations.fr,30,0,1,0,0,0,1,0,0,0,0,0,1,1,1,1,1
40,reconfigurate.sytes.net,39,2,1,0,0,0,1,0,0,0,0,1,1,1,1,1,1
41,juriskiana1.web.app,28,0,1,0,0,0,1,0,0,0,0,0,1,1,0,0,1
42,dev-usgdfs.pantheonsite.io,35,0,1,0,1,0,1,0,0,0,0,0,1,1,1,0,1
43,william-thomashide.mykajabi.com,45,1,1,0,1,0,1,0,0,0,0,0,0,0,1,0,1
44,ipfs.eth.aragon.network,96,2,1,0,0,0,1,0,0,0,0,0,1,1,0,0,1
45,mainstream-detection.com,33,0,1,0,1,0,1,0,0,0,0,0,0,0,1,0,1
46,xn--panckswap-31a3g.com,33,0,1,0,1,0,1,0,0,0,0,0,0,0,1,1,1
47,dwqfergdfs.mefound.com,31,0,1,0,0,0,1,0,0,0,0,0,0,0,1,1,1
48,pkodp.pl,17,0,1,0,0,0,1,0,0,0,0,0,0,0,1,1,1
49,hazotech.com,23,1,1,0,0,0,1,0,0,0,0,1,1,1,1,1,1
50,evergreen-empty-cone.glitch.me,48,1,1,0,1,0,2,0,0,0,0,1,1,1,1,0,1
51,falling-base-4ffd.hgpuuhmyy.workers.dev,48,0,1,0,1,0,1,0,0,0,0,0,1,1,0,0,1
52,mydina-s-school.thinkific.com,37,0,1,0,1,0,0,0,0,0,0,0,0,0,0,0,1
53,srv190819.hoster-test.ru,45,2,0,0,1,0,2,0,0,0,0,0,0,0,1,1,1
54,eqzhys4.duckdns.org,27,0,1,0,0,0,0,0,0,0,0,0,1,1,1,1,1
55,roundcube090010.firebaseapp.com,40,0,1,0,0,0,1,0,0,0,0,1,1,1,0,0,1
56,autoantaigouve.com,27,0,1,0,0,0,1,0,0,0,0,0,0,0,1,1,1
57,ebisaconfi.jimdosite.com,33,0,1,0,0,0,1,0,0,0,0,0,0,0,1,0,1
58,maroon-bird-leader.glitch.me,55,1,1,0,1,0,2,0,0,0,0,1,1,1,1,0,1
59,att-105910.weeblysite.com,34,0,1,0,1,0,1,0,0,0,0,0,1,1,1,0,1
60,honestjohnwade.com,32,1,1,0,0,0,1,0,0,0,0,0,0,0,1,1,1
61,seoservicesiox.firebaseapp.com,39,0,1,0,0,0,1,0,0,0,0,1,1,1,1,0,1
62,saiconsard.co.jp.ooppox.xyz,39,0,0,0,0,0,1,0,0,0,0,0,0,0,1,1,1
63,servicefbhelpmeta.web.app,34,0,1,0,0,0,1,0,0,0,0,0,1,1,1,0,1
64,connect.secure.wellsfargobank.app,42,0,1,0,0,0,1,0,0,0,0,0,0,0,1,1,1
65,dragarwaldentalclinic.com,34,0,1,0,0,0,1,0,0,0,0,0,0,0,1,1,1
66,u1965047.plsk.regruhosting.ru,41,1,0,0,0,0,1,0,0,0,0,0,0,0,1,1,1
67,ebanking-ch3-ubs-a3ab0.web.app,202,1,1,0,1,0,2,0,0,0,1,0,1,1,0,0,1
68,pub-6502dddebdc447ed9023277db681dd94.r2.dev,60,1,1,0,1,0,2,0,0,0,0,0,0,0,1,0,1
69,gouv-amende.net,37,1,1,0,1,0,2,0,0,0,0,0,0,0,1,1,1
70,kingtogel.co,176,11,1,0,0,0,2,0,0,0,1,0,0,0,1,1,1
71,storageapi.fleek.one,83,2,1,0,0,0,2,0,0,0,0,0,0,0,1,0,1
72,bitbaink.web.app,30,1,1,0,0,0,1,0,0,0,1,0,1,1,0,0,1
73,sicop1.webnode.es,26,0,1,0,0,0,1,0,0,0,0,0,1,1,0,0,1
74,e-club.xyz,19,0,1,0,1,0,1,0,0,0,0,0,0,0,1,1,1
75,uucjrqpixh.duckdns.org,31,0,1,0,0,0,1,0,0,0,0,0,1,1,1,1,1
76,metafactcheckers.com,28,0,1,0,0,0,0,0,0,0,0,0,1,1,1,0,1
77,kueronakayaeotn.co.jp.kuerocekayaoato.kbokna.top,60,0,0,0,0,0,1,0,0,0,0,0,1,1,1,1,1
78,eozkxidvq7mvjsb25m6w27allwfxwrrfrnkaftstg5mj7rzqq-ipfs-w3s-link.translate.goog,184,0,1,0,1,0,1,0,0,0,0,0,1,1,1,0,1
79,freebnbmining.com,30,0,1,0,0,0,1,0,0,0,0,0,0,0,0,0,1
80,irdawmdpzpwdutnxcvj08.z5.web.core.windows.net,54,0,1,0,0,0,1,0,0,0,0,0,1,1,1,1,1
81,139.59.69.59,42,3,0,0,0,0,2,0,0,0,0,0,1,1,0,0,1
82,docs.google.com,113,5,1,0,0,0,1,0,0,0,0,0,0,0,1,0,1
83,lilliflynn.com,50,3,1,0,0,0,2,0,0,0,0,0,0,0,1,0,1
84,zapakuj-polska.cloud,37,1,1,0,1,0,1,0,0,0,0,0,0,0,1,1,1
85,s3.amazonaws.com,82,3,1,0,0,0,2,0,0,0,0,0,1,1,1,0,1
86,reparto-verifica.com,28,0,0,0,1,0,1,0,0,0,0,0,1,1,1,1,1
87,dev-accionvalidada.pantheonsite.io,43,0,1,0,1,0,1,0,0,0,0,0,1,1,1,0,1
88,aavestake.us,21,0,1,0,0,0,1,0,0,0,0,0,0,0,0,0,1
89,ba3j2baz.square.site,29,0,1,0,0,0,1,0,0,0,0,0,1,1,1,0,1
90,resettaportale-app.com,30,0,0,0,1,0,1,0,0,0,0,1,1,1,1,1,1
91,bafybeicgvy4e3ruep76gpssmns5ibapqhkif5mhng542teqb7rtkcqa47a.ipfs.cf-ipfs.com,84,0,0,0,1,0,1,0,0,0,0,0,0,0,1,0,1
92,sites.google.com,130,2,1,0,0,0,1,0,0,0,0,0,1,1,0,1,1
93,vrenuevr79.yourtrap.com,32,0,1,0,0,0,1,0,0,0,0,0,0,0,1,1,1
94,cancel229-coinbase.web.app,44,1,1,0,1,0,1,0,0,0,0,0,1,1,1,0,1
95,inp0st.9877896.xyz,44,3,1,0,0,0,1,0,0,0,0,0,0,0,1,1,1
96,wallet.callisto.orgdotorg.org,37,0,0,0,0,0,1,0,0,0,0,0,0,0,0,0,1
97,qdfsssf.fartit.com,26,0,1,1,0,0,0,0,0,0,0,0,0,0,1,1,1
98,authentification15.yolasite.com,40,0,1,0,0,0,1,0,0,0,0,1,1,1,0,0,1
99,proj-ac6e2.web.app,27,0,1,0,1,0,1,0,0,0,0,0,1,1,1,0,1
100,tsaritsyno-museum.ru,69,7,1,0,1,0,1,0,0,0,0,0,0,0,1,0,1
101,andesfitness.cl,37,2,1,0,0,0,2,0,0,0,0,0,0,0,1,0,1
102,jytjfdgds.dnset.com,28,0,1,1,0,0,1,0,0,0,0,0,0,0,1,1,1
103,eduyc.net,18,0,1,0,0,0,1,0,0,0,0,0,0,0,1,1,1
104,portfolio-metamask-wallet.com,36,0,0,1,1,0,0,0,0,0,0,0,1,1,1,1,1
105,realizesolucoes.consultaemmelhor.shop,61,2,1,0,0,0,2,0,0,0,1,0,0,0,1,1,1
106,bafybeie4ruzio7nyurxbes2dijfsis5lbcrw3wj5rcatq3rjhgz43kstym.ipfs.dweb.link,94,1,1,0,0,0,2,0,0,0,0,0,0,0,1,0,1
107,extension-webs.ddnss.org,75,4,1,0,1,0,2,0,0,0,0,0,1,1,1,1,1
108,hhmuah.wiki,20,0,1,0,0,0,1,0,0,0,0,0,0,0,1,1,1
109,vrwerv34.fartit.com,27,0,1,1,0,0,0,0,0,0,0,0,0,0,1,1,1
110,wicklessnetwork.repl.co,32,0,1,0,0,0,1,0,0,0,0,0,1,1,1,0,1
111,ringed-alluring-selenium.glitch.me,54,1,1,0,1,0,2,0,0,0,0,1,1,1,1,0,1
112,brunorenz-arte.cl,44,1,0,0,1,0,1,0,0,0,0,0,0,0,1,0,1
113,upgrade-att.godaddysites.com,37,0,1,0,1,0,1,0,0,0,0,0,0,0,1,0,1
114,urlz.fr,20,1,1,0,0,0,1,0,0,0,0,0,0,0,1,1,1
115,u32981963.ct.sendgrid.net,718,2,1,0,0,0,1,0,0,0,0,0,0,0,1,0,1
116,gateway.ipfs.io,88,2,1,0,0,0,1,0,0,0,0,0,0,0,1,0,1
117,vekosystems-ug.ru,61,3,1,0,1,0,2,0,0,0,0,0,0,0,0,0,1
118,attloginemailcentre.brizy.site,39,0,1,0,0,0,1,0,0,0,1,0,1,1,1,0,1
119,metasupport100023469341.web.app,40,0,1,0,0,0,1,0,0,0,0,0,1,1,0,0,1
120,gfiw0xsi9.duckdns.org,29,0,1,0,0,0,0,0,0,0,0,0,1,1,1,1,1
121,netfiix.it,19,0,1,0,0,0,1,0,0,0,0,0,0,0,1,1,1
122,homegaliciaonline.odoo.com,35,0,1,0,0,0,1,0,0,0,0,0,0,0,0,0,1
123,bafybeifax5eqv7gdlyhyialpeq77xa6nv7v52wejm3gyquusyn534m2eze.ipfs.infura-ipfs.io,88,0,1,0,1,0,1,0,0,0,0,0,1,1,1,0,1
124,huitianpay.com,21,0,0,0,0,0,0,0,0,0,0,0,0,0,1,1,1
125,bafybeibyrut7p5klxduxde4nhuokllpw53vivwgb5fntoqdtd4do2lkvxe.ipfs.cf-ipfs.com,84,0,1,0,1,0,0,0,0,0,0,0,0,0,0,0,1
126,meanmasqk-usa.godaddysites.com,39,0,1,0,1,0,1,0,0,0,0,0,0,0,1,0,1
127,objectstorage.us-phoenix-1.oraclecloud.com,113,6,1,0,1,0,3,0,0,0,1,0,0,0,1,0,1
128,agodabook.com,21,0,0,0,0,0,1,0,0,0,0,0,0,0,0,0,1
129,saiaonaard.co.jp.mkkyba.top,50,2,0,0,0,0,2,0,0,0,0,0,1,1,1,1,1
130,facebook.byethost31.com,30,0,0,0,0,0,0,0,0,0,0,0,0,0,1,0,1
131,telegra.ph,28,1,1,0,0,0,1,0,0,0,0,0,1,1,1,0,1
132,bafybeihdpwgnainsqdp5qm5z3ooahsh64nnjs36mi3vtvpleknnxnspkii.ipfs.dweb.link,94,1,1,0,0,0,2,0,0,0,0,0,0,0,1,0,1
133,dimension-direction.dns05.com,38,0,1,0,1,0,1,0,0,0,0,0,0,0,1,1,1
134,radimaconsultores.com,30,0,1,0,0,0,1,0,0,0,0,0,0,0,0,0,1
135,sites.google.com,50,3,1,0,0,0,1,0,0,0,0,0,1,1,0,1,1
136,fluent.bm,51,5,0,0,0,0,2,0,1,0,0,0,1,1,0,0,1
137,business-help-0001767537.web.app,41,0,1,0,1,0,1,0,0,0,0,0,1,1,1,0,1
138,d1rect.smtb.jp.slovebaby.com,64,3,1,0,0,0,2,1,0,0,0,0,0,0,1,1,1
139,dev-pastranbebedortu.pantheonsite.io,55,1,1,0,1,0,2,0,0,0,0,0,1,1,1,0,1
140,ita3.godaddysites.com,30,0,1,0,0,0,1,0,0,0,0,0,0,0,1,0,1
141,airbogo.com,51,4,1,0,0,0,2,0,0,0,0,0,0,0,1,0,1
142,139.162.71.137,42,2,0,0,0,0,2,0,0,0,0,0,0,0,1,1,1
143,gksschool.edu.bd,30,1,1,0,0,0,1,0,0,0,0,0,1,1,1,1,1
144,245432562294270.my.id,29,0,0,0,0,0,1,0,0,0,0,0,0,0,1,0,1
145,myblog-x83bgbbvit.live-website.com,48,1,1,0,1,0,1,0,0,0,0,0,1,1,1,1,1
146,info-americasns.yixvpt.top,52,2,1,0,1,0,2,0,0,0,1,0,1,1,1,1,1
147,wooded-stream-ravioli.glitch.me,50,1,1,0,1,0,2,0,0,0,0,1,1,1,1,0,1
148,fixedfloiat.us,21,0,0,0,0,0,0,0,0,0,0,0,0,0,1,0,1
149,alerta.marielarlhuehue.repl.co,39,0,1,0,0,0,1,0,0,0,0,0,1,1,1,0,1
150,hsildodj.builderallwppro.com,86,6,1,0,0,0,1,0,1,0,0,0,0,0,1,1,1
151,multistatus.net,22,0,0,0,0,0,0,0,0,0,0,0,1,1,1,1,1
152,app-accepsdata1212reporteds.lztbaounhi-dv13xkjj14gq.p.temp-site.link,95,1,0,0,1,0,2,0,0,0,0,0,1,1,1,1,1
153,dpdswa.vetrebackhelo.cf,46,0,1,0,0,0,1,0,0,0,0,0,1,1,0,0,1
154,t.co,23,1,1,1,0,0,1,0,0,0,0,0,0,0,1,1,1
155,portale-utente-info.162-0-216-30.cprapid.com,67,2,1,0,1,0,2,0,0,0,0,0,0,0,1,1,1
156,consulta-gratisonline.com,107,2,1,0,1,0,2,0,0,0,0,0,0,0,1,1,1
157,bafybeib5efm72dgkhwu3spceuyplhatx4vphk6jovmwuxe7mvxkxncvl34.ipfs.dweb.link,83,0,1,0,0,0,1,0,0,0,0,0,0,0,1,0,1
158,55c6fb4f-4bc7-48b0-92bb-4b3aa09fa680.id.repl.co,56,0,1,0,1,0,1,0,0,0,0,0,1,1,1,0,1
159,du4vv97.duckdns.org,27,0,1,0,0,0,0,0,0,0,0,0,1,1,1,1,1
160,odd-rain-5305.berkabolmo1791.workers.dev,49,0,1,0,1,0,1,0,0,0,0,0,1,1,1,0,1
161,oarwdawzon.duckdns.org,31,0,1,0,0,0,1,0,0,0,0,0,1,1,1,1,1
162,ubeaatseess.com.cq2023.top,38,0,0,0,0,0,1,0,0,0,0,0,0,0,1,1,1
163,84572476576347.846732.repl.co,37,0,1,0,0,0,0,0,0,0,0,0,1,1,1,0,1
164,kueronakayaeotn.co.jp.kuerocekayaocto.laitol.top,60,0,0,0,0,0,1,0,0,0,0,0,1,1,1,1,1
165,ollx.3526677.xyz,31,1,0,0,0,0,1,0,0,0,0,0,0,0,1,1,1
166,solicitacaobanqipessoal.shop,37,0,1,0,0,0,1,0,0,0,0,0,1,1,1,1,1
167,govmentirrs1.com,29,1,1,0,0,0,1,0,0,0,0,0,0,0,1,1,1
168,portal.bolcatec.com,31,0,0,0,0,0,1,0,0,0,0,0,0,0,1,0,1
169,economist-edge.qhigh.com,33,0,1,0,1,0,1,0,0,0,0,0,0,0,1,1,1
170,synchpnxtsxl05.firebaseapp.com,39,0,1,0,0,0,1,0,0,0,0,1,1,1,1,0,1
171,eki-net.chamiershop.com,32,0,1,0,1,0,1,0,0,0,0,0,1,1,1,1,1
172,gabihazut.co.il,35,2,1,1,0,0,1,0,0,0,0,0,1,1,0,0,1
173,attcvb.weebly.com,26,0,1,0,0,0,1,0,0,0,0,0,0,0,1,0,1
174,web10733.web07.bero-webspace.de,53,2,1,0,1,0,1,0,0,0,0,0,1,1,1,1,1
175,cahceto.accesarsas.repl.co,35,0,1,0,0,0,1,0,0,0,0,0,1,1,1,0,1
176,jpostca.com,20,0,1,0,0,0,1,0,0,0,0,0,0,0,1,1,1
177,picayune-flint-minibus.glitch.me,48,1,0,0,1,0,2,0,0,0,0,1,1,1,1,0,1
178,worldstronglawfirm-1318439371.cos.na-ashburn.myqcloud.com,89,1,1,0,1,0,2,0,0,0,0,0,0,0,1,0,1
179,pub-48d3a24bafe348799aa16e3fbd5ead78.r2.dev,63,1,1,0,1,0,2,0,0,0,0,0,0,0,0,0,1
180,cheap.accountsex.online,32,0,1,0,0,0,1,0,0,0,0,0,0,0,1,1,1
181,hbythbsfda.jungleheart.com,35,0,1,1,0,0,1,0,0,0,0,0,0,0,1,1,1
182,gnmtc.com,46,3,0,0,0,0,2,0,0,0,1,0,0,0,0,0,1
183,wecucom.org,18,0,0,0,0,0,0,0,0,0,0,0,0,0,0,0,1
184,jaces-co-jp.szhxbg.com.cn,38,0,1,0,1,0,1,0,0,0,0,0,0,0,1,1,1
185,tbtmuxc.com,20,0,1,0,0,0,1,0,0,0,0,0,0,0,1,1,1
186,kacprzak0.pl,25,1,0,0,0,0,1,0,0,0,0,0,0,0,1,1,1
187,ssquareddigital.com,27,0,0,0,0,0,1,0,0,0,0,0,0,0,1,0,1
188,nftstorage.link,75,2,1,0,0,0,1,0,0,0,0,0,0,0,1,0,1
189,appleid-web.info,191,1,1,0,1,0,1,0,0,0,0,0,0,0,1,1,1
190,bafybeieh26t5y7biqakh2uiajk44io7viht3xf4tsspgeksf6u4hbmexry.ipfs.dweb.link,83,0,1,0,0,0,1,0,0,0,0,0,0,0,1,0,1
191,ubeaatsee.com.audacad.top,37,0,0,0,0,0,1,0,0,0,0,0,0,0,1,1,1
192,64j4zc.duckdns.org,26,0,1,0,0,0,0,0,0,0,0,0,1,1,1,1,1
193,v5c6ww5a.duckdns.org,28,0,1,0,0,0,0,0,0,0,0,0,1,1,1,1,1
194,unsteadywryinverse.us98769.repl.co,43,0,1,0,0,0,1,0,0,0,0,0,1,1,1,0,1
195,resgamolive-3nrdpkfxwa-tl.a.run.app,44,0,1,0,1,0,1,0,0,0,0,0,1,1,1,0,1
196,netflix-games.sfo2.digitaloceanspaces.com,66,2,1,0,1,0,2,0,0,0,0,0,0,0,1,0,1
197,ingresoverifica.repl.co,32,0,1,0,0,0,1,0,0,0,0,0,1,1,1,0,1
198,s.id,18,1,1,0,0,0,1,0,0,0,0,0,0,0,1,0,1
199,questions.posytron.com,487,14,1,0,0,0,2,0,0,0,0,0,0,0,0,0,1
200,plostecle.web.app,26,0,1,0,0,0,1,0,0,0,0,0,1,1,1,0,1
201,outlookservis.com.tr,28,0,0,0,0,0,1,0,0,0,0,0,0,0,1,0,1
202,ghtresa.qpoe.com,24,0,1,0,0,0,0,0,0,0,0,0,0,0,1,1,1
203,systemfile.webador.co.uk,33,0,1,0,0,0,1,0,0,0,0,0,0,0,0,0,1
204,sfr-esim-support.com,28,0,0,1,1,0,1,0,0,0,0,0,0,0,1,1,1
205,lukasz.kada.org.pl,52,2,1,0,0,0,2,0,0,0,0,0,0,0,1,1,1
206,evrilogistics.com,45,1,1,0,0,0,1,0,0,0,0,0,0,0,1,1,1
207,wwwinfoview.zhangshangju.com,43,1,1,0,0,0,2,0,0,0,0,1,1,1,1,1,1
208,wallawallaartclasses-1318334846.cos.na-toronto.myqcloud.com,93,1,1,0,1,0,2,0,0,0,0,0,0,0,1,0,1
209,a.60b7ac265566e3da4341f765b2d2a73200f8f1db57b0b005a1afdc00.com,70,0,0,0,0,0,1,0,0,0,0,0,0,0,1,1,1
210,fir41109.firebaseapp.com,33,0,1,0,0,0,1,0,0,0,0,1,1,1,1,0,1
211,pub-0e377ab24fd344118368ae252716a899.r2.dev,62,1,1,0,1,0,2,0,0,0,0,0,0,0,1,0,1
212,bio.site,28,1,1,0,0,0,1,0,0,0,0,0,1,1,0,0,1
213,online.forms.app,47,2,1,0,0,0,1,0,0,0,0,0,0,0,0,0,1
214,ubeaatsees.com.ay0123.top,37,0,0,0,0,0,1,0,0,0,0,0,1,1,1,1,1
215,att-yahoo-mail-101572.weeblysite.com,45,0,1,0,1,0,1,0,0,0,0,0,1,1,0,0,1
216,lhbkzu.jetos.com,24,0,1,0,0,0,0,0,0,0,0,0,0,0,1,1,1
217,cler-suisse.com,28,1,0,0,1,0,1,0,0,0,0,0,0,0,1,0,1
218,smpozzolo.it,31,1,0,0,0,0,1,0,0,0,0,0,0,0,1,0,1
219,facebooksecuritys.blogspot.com,38,0,0,1,0,0,1,0,0,0,0,1,1,1,1,0,1
220,itsagoodgirl.com,58,6,1,0,0,0,2,0,0,0,0,0,0,0,1,1,1
221,sct.kz,44,5,1,0,0,0,2,0,0,0,1,0,1,1,0,0,1
222,ds-metamessk.com,33,1,1,0,1,0,1,0,0,0,0,0,0,0,1,1,1
223,ol-x.7687023.xyz,42,3,1,0,1,0,1,0,0,0,0,0,1,1,1,1,1
224,mydfm4h.duckdns.org,28,0,1,0,0,0,1,0,0,0,0,0,1,1,1,1,1
225,meta-business-case-1a50c.firebaseapp.com,49,0,1,0,1,0,1,0,0,0,0,1,1,1,1,0,1
226,feeceah.r.bh.d.sendibt3.com,301,3,1,0,0,0,1,0,0,0,0,0,0,0,0,0,1
227,fnd-inc.com,74,3,1,0,1,0,2,0,0,0,0,0,0,0,1,0,1
228,aflacxvmlyr.com,24,0,1,0,0,0,1,0,0,0,0,0,0,0,1,1,1
229,ltaucardspontua06.z9.web.core.windows.net,50,0,1,0,0,0,1,0,0,0,0,0,1,1,1,1,1
230,msciwoj.waldemar.net.pl,59,2,1,0,0,0,2,0,0,0,0,0,0,0,1,1,1
231,ipfs.fleek.co,86,2,1,0,0,0,1,0,0,0,0,0,0,0,0,0,1
232,witty-cyclic-chiller.glitch.me,49,1,1,0,1,0,2,0,0,0,0,1,1,1,1,0,1
233,ipfs.io,80,2,1,0,0,0,1,0,0,0,0,0,0,0,1,0,1
234,eupsqlxcskiulgjy-dot-r0nus-vill0ns-erangi-wiscu.ue.r.appspot.com,98,0,1,1,1,0,1,0,0,0,0,1,1,1,1,0,1
235,asdasnn45asr.publicvm.com,33,0,1,0,0,0,0,0,0,0,0,0,0,0,1,1,1
236,dev-validaritau-py.pantheonsite.io,53,1,1,0,1,0,2,0,0,0,0,0,1,1,1,0,1
237,bafybeib6nrvhylo2lkratsk5i3yyp4j4wvtz2vskoqk4o2qrvumuywxzcq.ipfs.dweb.link,125,1,1,0,0,0,2,0,0,0,0,0,0,0,1,0,1
238,long.barawons.pl,49,2,1,0,0,0,2,0,0,0,0,0,0,0,0,0,1
239,kabootarr.com,54,4,1,0,0,0,1,0,0,0,0,0,0,0,1,0,1
240,coinpad.netlify.app,26,0,0,0,0,0,0,0,0,0,0,0,1,1,1,0,1
241,euuomdrtk.web.app,26,0,1,0,0,0,1,0,0,0,0,0,1,1,1,0,1
242,steamcommunitypubg2.asia,33,0,1,0,0,0,1,0,0,0,0,0,0,0,1,0,1
243,antai-amande-gouv.info,31,0,1,0,1,0,1,0,0,0,0,0,0,0,1,1,1
244,ahn16o5bk.duckdns.org,29,0,1,0,0,0,0,0,0,0,0,0,1,1,1,1,1
245,bafybeie4v4wv3f2z2hkae4bds76fujzuo7tlel5lewgij2ejndhpapumky.ipfs.infura-ipfs.io,88,0,1,0,1,0,1,0,0,0,0,0,1,1,1,0,1
246,ipfs.io,87,3,1,0,0,0,1,0,0,0,0,0,0,0,1,0,1
247,4535.weebly.com,24,0,1,0,0,0,1,0,0,0,0,0,0,0,0,0,1
248,grtesdfad.onedumb.com,29,0,1,0,0,0,0,0,0,0,0,0,0,0,1,1,1
249,pancakeswapfinance.godaddysites.com,44,0,1,0,0,0,1,0,0,0,0,0,0,0,1,0,1
250,login-maile-a86a.query7813.workers.dev,47,0,1,0,1,0,1,0,0,0,1,0,1,1,1,0,1
251,verifica.18-233-164-39.cprapid.com,46,1,0,0,1,0,1,0,0,0,0,0,0,0,1,1,1
252,204.44.98.234,21,0,0,0,0,0,1,0,0,0,0,0,0,0,1,1,1
253,u2043490.plsk.regruhosting.ru,45,1,0,0,0,0,1,0,0,0,0,0,0,0,0,0,1
254,gtsped.it,29,1,1,0,0,0,3,0,0,0,0,0,0,0,1,0,1
255,attyah.s3.us-east-005.backblazeb2.com,57,1,1,0,1,0,2,0,0,0,0,0,0,0,1,0,1
256,paypal-home-secure.com,31,0,1,0,1,0,1,0,0,0,0,0,0,0,1,1,1
257,it.77-91-78-129.cprapid.com,44,1,1,0,1,0,1,0,0,0,0,0,0,0,1,1,1
258,gateway.ipfs.io,88,2,1,0,0,0,1,0,0,0,0,0,0,0,1,0,1
259,bancaprovincia.jimdosite.com,37,0,1,0,0,0,1,0,0,0,0,0,0,0,1,0,1
260,etc-yvvvvvv.dns04.com,30,0,1,0,1,0,1,0,0,0,0,0,0,0,1,1,1
261,online-3rvers-authy.firebaseapp.com,44,0,1,0,1,0,1,0,0,0,0,1,1,1,1,0,1
262,ci13862.tw1.ru,45,3,0,0,0,0,2,0,0,0,0,0,0,0,1,1,1
263,help-center414.crabdance.com,42,1,0,0,1,0,1,0,0,0,0,0,1,1,1,1,1
264,invoices.creditunion-financial.com,86,2,0,0,1,0,1,0,0,0,0,0,1,1,0,0,1
265,sparkasse-mobil.com,74,3,0,0,1,0,1,0,0,0,1,0,0,0,1,1,1
266,ap-ionos.pages.dev,27,0,1,0,1,0,1,0,0,0,0,0,1,1,0,0,1
267,fleek.ipfs.io,74,2,1,0,0,0,1,0,0,0,0,0,0,0,1,0,1
268,bafybeihdl2hmgdyfcmbql5ohhtotoymu4o5qobc2r2rvmbrnjiulx3lxo4.ipfs.nftstorage.link,88,0,1,0,0,0,0,0,0,0,0,0,0,0,1,0,1
269,lesliesikos.com,64,2,1,0,0,0,2,0,0,0,0,0,0,0,0,0,1
270,jamiladonuajqa.wpenginepowered.com,42,0,0,0,0,0,1,0,0,0,0,1,1,1,1,0,1
271,anazom.co.ip.po9h4c.com,32,0,1,0,0,0,1,0,0,0,0,0,0,0,1,1,1
272,bafkreibzr45cgztuhkufquevxkhi4x6dq7czvevkgip3fluiuhgyokcvgu.ipfs.cf-ipfs.com,84,0,1,0,1,0,0,0,0,0,0,0,0,0,0,0,1
273,tinyurl.com,29,1,1,1,0,0,1,0,0,0,0,0,0,0,1,1,1
274,bafybeibhs7pz5wmn2vteyzflbckwbr3puzqisving6ovzisi6mhuy2kati.ipfs.cf-ipfs.com,85,0,1,0,1,0,1,0,0,0,0,0,0,0,0,0,1
275,yumura-kosyo.co.jp,25,0,0,0,1,0,0,0,0,0,0,0,1,1,0,0,1
276,36840pxnow.yoursmcoach.com,104,2,1,0,0,0,2,0,0,0,0,0,0,0,1,1,1
277,oqljuemiod.duckdns.org,31,0,1,0,0,0,1,0,0,0,0,0,1,1,1,1,1
278,cancel4645-coinbase.web.app,36,0,1,0,1,0,1,0,0,0,0,0,1,1,1,0,1
279,raknten-caed.zbqtfrb.cn,35,0,0,0,1,0,1,0,0,0,0,1,1,1,1,1,1
280,help-center123.crabdance.com,42,1,0,0,1,0,1,0,0,0,0,0,1,1,1,1,1
281,r3v8m92cm8.kacprzak0.pl,56,2,0,0,0,0,3,0,0,0,0,0,0,0,1,1,1
282,t.co,32,1,1,1,0,0,1,0,0,0,0,0,0,0,1,1,1
283,bit.ly,22,1,1,1,0,0,1,0,0,0,0,0,1,1,0,0,1
284,irhose.com,33,0,1,0,0,0,1,0,0,0,0,0,1,1,1,1,1
285,u1965047.plsk.regruhosting.ru,40,1,0,0,0,0,1,0,0,0,0,0,0,0,1,1,1
286,modulosdeseguranca30horas.com,37,0,0,0,0,0,1,0,0,0,0,1,1,1,1,1,1
287,meta-business-case-d9ce9.firebaseapp.com,49,0,1,0,1,0,1,0,0,0,0,1,1,1,1,0,1
288,clogs-accountlnfo-online.203-161-55-231.cprapid.com,128,3,1,0,1,0,2,0,0,0,0,0,0,0,1,1,1
289,ipfs.best-practice.se,94,2,1,0,1,0,1,0,0,0,0,0,0,0,1,0,1
290,att-102336.weeblysite.com,34,0,1,0,1,0,1,0,0,0,0,0,1,1,0,0,1
291,oncologiaclinicafpolis.com.br,44,1,1,0,0,0,1,0,0,0,0,0,1,1,0,0,1
292,dev-itagui.pantheonsite.io,35,0,1,0,1,0,1,0,0,0,0,0,1,1,1,0,1
293,sparka-tan.info,24,0,1,0,1,0,1,0,0,0,0,0,0,0,1,1,1
294,bak-hex.com,37,1,1,1,1,0,1,0,0,0,0,0,1,1,1,0,1
295,artecplan.com.br,72,4,1,0,0,0,2,0,0,0,0,0,1,1,1,1,1
296,cancel496-coinbase.web.app,44,1,1,0,1,0,1,0,0,0,0,0,1,1,1,0,1
297,ipfs.io,93,3,1,0,0,0,2,0,0,0,0,0,0,0,1,0,1
298,didjmkjs235.publicvm.com,32,0,1,0,0,0,0,0,0,0,0,0,0,0,1,1,1
299,u3i.co,21,1,1,0,0,0,1,0,0,0,0,0,0,0,1,1,1
300,grabapp.top,20,0,1,0,0,0,1,0,0,0,0,0,1,1,1,1,1
301,amazceom-co-jp.amazzeocn.50220.top,46,0,0,0,1,0,1,0,0,0,0,0,0,0,1,1,1
302,urlzs.com,23,1,1,0,0,0,1,0,0,0,0,0,0,0,1,0,1
303,login.orange.vocale.888.fr.xtra-hands.com,50,0,1,0,1,0,1,0,0,0,1,0,0,0,1,1,1
304,bafybeiehusky6wtpsi5f5aieppbsr5ic5lnn2wnchq42cx6synnvivp554.ipfs.nftstorage.link,88,0,1,0,0,0,0,0,0,0,0,0,0,0,1,0,1
305,s3.amazonaws.com,89,3,1,0,0,0,2,0,0,0,0,0,1,1,1,0,1
306,caja-trujillo.com.pe,28,0,0,0,1,0,1,0,0,0,0,0,1,1,1,1,1
307,safe001.signsantafe001.repl.co,39,0,1,0,0,0,1,0,0,0,0,0,1,1,1,0,1
308,ipfs.filebase.io,77,2,1,0,0,0,1,0,0,0,0,0,1,1,1,0,1
309,rakutan-cacd.50gb536.xyz,36,0,0,0,1,0,1,0,0,0,0,0,1,1,1,1,1
310,saisonoard.co.jp.vxaabt.top,50,2,0,0,0,0,2,0,0,0,0,0,1,1,1,1,1
311,portale-utente-lnfo.198-187-30-97.cprapid.com,116,1,0,0,1,0,2,1,0,0,0,0,0,0,1,1,1
312,bestchange-cryptoexchanger.su,38,0,1,0,1,0,1,0,0,0,0,0,0,0,1,1,1
313,raknten-caod.sckdvpu.cn,35,0,0,0,1,0,1,0,0,0,0,1,1,1,1,1,1
314,mobile-postal-information.bhh58.live,45,0,1,0,1,0,1,0,0,0,0,0,1,1,1,1,1
315,recoverysupport.infinityvehicles.in,48,0,1,0,0,0,1,0,0,0,0,0,0,0,1,0,1
316,verify-center5.strangled.net,42,1,0,0,1,0,1,0,0,0,0,0,0,0,1,1,1
317,amechandonrose.com,87,3,1,0,0,0,1,0,0,0,0,0,0,0,1,1,1
318,s.yam.com,23,1,1,0,0,0,1,0,0,0,0,0,1,1,0,0,1
319,43.159.37.67,255,1,1,0,0,0,1,0,0,0,0,0,1,1,1,1,1
320,amzon.co.jp.pdzone4.com,31,0,1,0,0,0,0,0,0,0,0,0,0,0,1,1,1
321,sisbrweb2.slcoob.com,106,2,1,0,0,0,1,0,0,0,1,0,0,0,0,0,1
322,phillyhome4sale.com,28,0,1,0,0,0,1,0,0,0,0,0,0,0,1,1,1
323,gouv-amendes-antai.fr,29,0,0,0,1,0,1,0,0,0,0,0,1,1,1,1,1
324,ww2.avisodeponto.com,28,0,0,0,0,0,1,0,0,0,0,0,0,0,1,1,1
325,bafybeidfwtyndiazmzws322ncxuuw2ii4iso4nrhowegl46cdbipvrmif4.ipfs.cf-ipfs.com,84,0,1,0,1,0,0,0,0,0,0,0,0,0,1,0,1
326,branch.zphmariz.pl,51,2,1,0,0,0,2,0,0,0,0,0,0,0,1,1,1
327,ipfs.io,67,2,1,0,0,0,1,0,0,0,0,0,0,0,1,0,1
328,bit.ly,28,1,1,1,0,0,1,0,0,0,0,0,1,1,0,0,1
329,steamcornmunnitty.ru,29,0,1,0,0,0,1,0,0,0,0,0,0,0,1,1,1
330,descontos-amc.com,69,3,1,0,1,0,1,0,0,0,0,0,0,0,1,1,1
331,bafybeifzulgbzozs4f43bd2fu2lu45vbri4koomwvi6fdmh6q36cofiqtu.ipfs.dweb.link,103,1,1,0,0,0,2,0,0,0,0,0,0,0,1,0,1
332,online-impot-gouv-infos.com,40,1,1,0,1,0,1,0,0,0,0,1,1,1,1,1,1
333,kueronakayaeotn.co.jp.kuerocekayaoato.ljhlna.top,60,0,0,0,0,0,1,0,0,0,0,0,1,1,1,1,1
334,bipprovincempress.click,32,0,1,0,0,0,1,0,0,0,0,0,1,1,1,1,1
335,generalaa-e69f4.firebaseapp.com,40,0,1,0,1,0,1,0,0,0,0,1,1,1,1,0,1
336,4everland.io,83,3,1,0,0,0,2,0,0,0,0,0,0,0,1,0,1
337,bafybeibbcqy23r5s4feriyja3g74x7gwrconu6ihe6qgv76eikz7iq7nxe.ipfs.cf-ipfs.com,84,0,1,0,1,0,0,0,0,0,0,0,0,0,1,0,1
338,eazxxujgcz.duckdns.org,29,0,0,0,0,0,0,0,0,0,0,0,1,1,1,1,1
339,live-seedify.org,47,2,0,0,1,0,2,0,0,0,0,0,1,1,1,1,1
340,inpost-pl.obrazek.top,47,2,1,0,1,0,1,0,0,0,0,0,0,0,1,1,1
341,manuelpadrinofisioterapia.com,47,2,1,0,0,0,1,0,0,0,0,0,0,0,0,0,1
342,jordaoveiculos.net,44,1,1,0,0,0,4,0,0,0,0,0,0,0,1,0,1
343,meta-for-business-case-52bd8.firebaseapp.com,53,0,1,0,1,0,1,0,0,0,0,1,1,1,1,0,1
344,eki-net-jp12.top,34,1,1,0,1,0,2,0,0,0,1,0,0,0,1,1,1
345,mhomieupdatenoticedkindly.linkpc.net,51,1,1,0,0,0,1,0,0,0,0,0,0,0,1,1,1
346,unpersuadable-fract.000webhostapp.com,46,0,1,0,1,0,1,0,0,0,0,0,0,0,0,0,1
347,netflix.veiligonline.web01.site-manager.eu,51,0,1,0,1,0,1,0,0,0,0,0,1,1,1,1,1
348,yzxlsc.com,70,6,1,0,0,0,2,0,0,0,0,0,0,0,1,1,1
349,23.88.48.53,19,0,0,0,0,0,1,0,0,0,0,0,1,1,0,0,1
350,fasjkfl5.top,21,0,1,0,0,0,1,0,0,0,0,0,0,0,1,1,1
351,suporteviacanaldeajuda.online,37,0,1,0,0,0,0,0,0,0,0,0,0,0,1,1,1
352,hunt100-dak5olnsm-chs123.vercel.app,44,0,1,0,1,0,1,0,0,0,0,0,1,1,1,0,1
353,infura-ipfs.io,85,3,1,0,1,0,2,0,0,0,0,0,1,1,1,0,1
354,alexseaboldclientfr.web.app,36,0,1,0,0,0,1,1,0,0,0,0,1,1,1,0,1
355,file-share-from-melanie-folder-view.web.app,52,0,1,0,1,0,1,0,0,0,0,0,1,1,1,0,1
356,cpreromgnplare.com,26,0,0,0,0,0,1,0,0,0,0,0,0,0,1,1,1
357,sanmartinproveedores.com,37,1,1,0,0,0,1,0,0,0,0,0,0,0,1,0,1
358,www-info-cr-mufg.wanyouxuan.com,40,0,1,0,1,0,1,0,0,0,0,0,0,0,1,1,1
359,walerian.kada.org.pl,54,2,1,0,0,0,2,0,0,0,0,0,0,0,1,1,1
360,help-center-id9896548154.firebaseapp.com,49,0,1,0,1,0,1,0,0,0,0,1,1,1,1,0,1
361,nftstorage.link,75,2,1,0,0,0,1,0,0,0,0,0,0,0,1,0,1
362,amazon.hhkmlq.xyz,29,0,1,0,0,0,0,0,0,0,0,0,0,0,1,1,1
363,s3.amazonaws.com,107,2,1,0,0,0,2,0,0,0,0,0,1,1,1,0,1
364,dunetoken.co,21,0,1,0,0,0,1,0,0,0,0,0,0,0,1,1,1
365,szlomo.gabrielazuzanna.info.pl,64,2,1,0,0,0,2,0,0,0,0,0,0,0,0,0,1
366,surl.li,21,1,1,0,0,0,1,0,0,0,0,0,1,1,0,0,1
367,vipimnetz.com,65,3,1,0,0,0,4,0,0,0,0,0,1,1,1,1,1
368,rashfatnet.com,103,1,1,1,0,0,1,0,0,0,0,0,0,0,1,1,1
369,metamsk.co,23,0,1,0,0,0,1,0,0,0,0,0,0,0,0,0,1
370,ads-userid-pages2023.start.page,40,0,1,0,1,0,1,0,0,0,0,0,0,0,1,0,1
371,ingresoinmediatoseguro--crpromeri.repl.co,50,0,1,0,1,0,1,0,0,0,0,0,1,1,1,0,1
372,new-device-id.web.app,30,0,1,0,1,0,1,0,0,0,0,0,1,1,1,0,1
373,metafb-8h3cz8k.web.app,31,0,1,0,1,0,1,0,0,0,0,0,1,1,1,0,1
374,dlrect.smtb.jp.obwangluo.com,41,0,1,0,0,0,1,0,0,0,0,0,0,0,1,1,1
375,express.adobe.com,45,2,1,0,0,0,1,0,0,0,0,0,1,1,0,0,1
376,incekbulsik.work.gd,41,1,1,0,0,0,2,0,0,0,0,0,1,1,1,1,1
377,v3.aapaave.com,23,0,1,0,0,0,1,0,0,0,0,0,0,0,1,1,1
378,ifibybo.cluster028.hosting.ovh.net,126,7,0,0,0,0,1,0,0,0,0,0,0,0,1,0,1
379,forested-awesome-saw.glitch.me,51,1,1,0,1,0,2,0,0,0,0,1,1,1,1,0,1
380,cooeieorieotoepo.com,68,1,1,0,0,0,1,0,0,0,0,0,0,0,1,1,1
381,attinfo6.godaddysites.com,34,0,1,0,0,0,1,0,0,0,0,0,0,0,1,0,1
382,anchorprotocol.mypixieset.com,38,0,1,1,0,0,1,0,0,0,0,0,0,0,1,0,1
383,facebook-log.blogspot.qa,31,0,0,0,1,0,0,0,0,0,0,0,1,1,1,0,1
384,bafybeidsgcqsa3naeabvkojn6eoepuhgv2jzva2osfmxza4ryake6il6zq.ipfs.w3s.link,82,0,1,0,0,0,1,0,0,0,0,0,0,0,0,0,1
385,btwevr4545b.longmusic.com,34,0,1,0,0,0,1,0,0,0,0,0,0,0,1,1,1
386,fbclid8123471236748129583.web.app,42,0,1,0,0,0,1,0,0,0,0,0,1,1,1,0,1
387,ipfs.fleek.co,86,2,1,0,0,0,1,0,0,0,0,0,0,0,1,0,1
388,aruba-pagamenti-fattura.com,107,1,1,0,1,0,1,0,0,0,0,1,1,1,1,1,1
389,my.bdoexpressupdate.com,31,0,1,0,0,0,0,0,0,0,0,0,1,1,1,1,1
390,bafybeidkgvxcgb4w6ntqytfk7wn72kvux64fpfu5pol2opdeub7zgawe5m.ipfs.dweb.link,92,1,1,0,0,0,2,0,0,0,0,0,0,0,1,0,1
391,ipfs.io,80,2,1,0,0,0,1,0,0,0,0,0,0,0,1,0,1
392,pub-0e459479bb894ae6a3446ba7783965b0.r2.dev,76,1,1,0,1,0,2,0,0,0,0,0,0,0,1,0,1
393,bafybeidapv2ekgj6cpuqnerrcweurd2glbrifrsszlm47dyym5xbfnlg54.ipfs.cf-ipfs.com,95,1,1,0,1,0,2,0,0,0,0,0,0,0,0,0,1
394,auth-lloyd-online.com,29,0,0,0,1,0,1,0,0,0,0,0,1,1,1,1,1
395,nftstorage.link,75,2,1,0,0,0,1,0,0,0,0,0,0,0,1,0,1
396,biodegradablemenaciiiingcable--smssssmsss.repl.co,57,0,1,0,1,0,0,0,0,0,0,0,1,1,1,0,1
397,ingresabanco67--generalbanco9.repl.co,46,0,1,0,1,0,1,0,0,0,0,0,1,1,1,0,1
398,storage.googleapis.com,133,2,1,0,0,0,2,0,0,0,0,1,1,1,1,0,1
399,madh75r.firebaseapp.com,32,0,1,0,0,0,1,0,0,0,0,1,1,1,1,0,1
400,revolut.pl-wsparcie.net,31,0,1,0,1,0,0,0,0,0,0,0,0,0,1,1,1
401,acessoafaturaon.com,45,2,1,0,0,0,1,0,0,0,0,0,0,0,1,1,1
402,onedrivefiles89.web.app,32,0,1,0,0,0,1,0,0,0,0,0,1,1,1,0,1
403,gateway.pinata.cloud,114,3,1,0,0,0,2,0,0,0,0,0,1,1,1,0,1
404,meta-business-case-45f60.web.app,41,0,1,0,1,0,1,0,0,0,0,0,1,1,1,0,1
405,taxx-lux.web.app,25,0,1,0,1,0,1,0,0,0,0,0,1,1,1,0,1
406,nftstorage.link,83,3,1,0,0,0,2,0,0,0,0,0,0,0,1,0,1
407,cf-ipfs.com,71,2,1,0,1,0,1,0,0,0,0,0,0,0,1,0,1
408,bafybeie7lhuazzamw4rh5agtz75yze7yu724nerhgzyc3jati2qaie3zti.ipfs.w3s.link,89,1,1,0,0,0,2,0,0,0,0,0,0,0,1,0,1
409,bcr-banco-de-costa-rica.jimdosite.com,46,0,1,0,1,0,1,0,0,0,0,0,0,0,1,0,1
410,politecnicovallenar.cl,32,1,0,0,0,0,1,0,0,0,0,0,0,0,1,0,1
411,c35e39.webwave.dev,27,0,1,0,0,0,1,0,0,0,0,0,0,0,1,0,1
412,bit.ly,21,1,0,1,0,0,1,0,0,0,0,0,1,1,0,0,1
413,cdcfl-zcmp.campaign-view.eu,173,2,1,0,1,0,1,0,0,0,0,0,1,1,1,0,1
414,pub-f80b6ad906c044d4948dfdaec627e34c.r2.dev,60,1,1,0,1,0,2,0,0,0,0,0,0,0,0,0,1
415,actualizaciion.ebisaseguridad.repl.co,46,0,1,0,0,0,1,0,0,0,0,0,1,1,1,0,1
416,40892e84-8854-449b-a853-ba145d1a4238.id.repl.co,56,0,1,0,1,0,1,0,0,0,0,0,1,1,1,0,1
417,u1965047.plsk.regruhosting.ru,41,1,0,0,0,0,1,0,0,0,0,0,0,0,1,1,1
418,information-sfr.net,28,0,1,0,1,0,1,0,0,0,0,0,0,0,1,1,1
419,ms-sharedfile-nd.web.app,33,0,1,0,1,0,1,0,0,0,0,0,1,1,1,0,1
420,main.gruppometodoercole.com,175,3,1,0,0,0,2,0,0,0,1,0,1,1,1,1,1
421,qxcvr.susome.top,25,0,1,0,0,0,1,0,0,0,0,0,1,1,1,1,1
422,adey7-51fd269c-e72e-41f3-ae05-b7d5a7fd239.myportfolio.com,66,0,1,0,1,0,1,0,0,0,0,0,1,1,0,0,1
423,walletefex.xyz,21,0,0,0,0,0,0,0,0,0,0,0,0,0,1,1,1
424,descriptiveray.s4-tastewp.com,56,4,1,0,1,0,1,0,1,0,0,0,0,0,0,0,1
425,axieinfinity.com.ge,26,0,0,0,0,0,0,0,0,0,0,0,1,1,1,0,1
426,vwernueov79.jungleheart.com,35,0,1,1,0,0,0,0,0,0,0,0,0,0,1,1,1
427,ksawery.akarch.pl,50,2,1,0,0,0,2,0,0,0,0,0,0,0,1,1,1
428,ftxtrading.ltd,22,0,1,0,0,0,0,0,0,0,0,0,1,1,1,1,1
429,is.gd,21,1,1,1,0,0,1,0,0,0,0,0,1,1,1,1,1
430,dkb-kunden-login.misecure.com,59,2,0,0,1,0,1,0,0,0,1,0,0,0,1,1,1
431,yogiindustry.in,27,1,1,0,0,0,1,0,0,0,0,0,0,0,1,1,1
432,help-center540.crabdance.com,42,1,0,0,1,0,1,0,0,0,0,0,1,1,1,1,1
433,dev-fijev99order.pantheonsite.io,41,0,1,0,1,0,1,0,0,0,0,0,1,1,1,0,1
434,zi992883923923.web.app,48,0,1,0,0,0,1,0,0,0,0,0,1,1,1,0,1
435,pub-394a6270254b4356b3d20bf59203bb65.r2.dev,59,1,1,0,1,0,2,0,0,0,0,0,0,0,1,0,1
436,vetrina.notarify.io,118,6,1,0,0,0,5,0,0,0,0,0,0,0,0,0,1
437,is.gd,26,1,1,1,0,0,1,0,0,0,1,0,1,1,1,0,1
438,stuckglue.com,51,2,1,0,0,0,1,0,0,0,0,0,0,0,1,1,1
439,bafkreifejxksjerptlvfkrcafjwu64wxuld7gvmewiukrgd4bkvx5lexna.ipfs.infura-ipfs.io,87,0,1,0,1,0,0,0,0,0,0,0,1,1,1,0,1
440,league-free-rp1.000webhostapp.com,42,0,1,0,1,0,1,0,0,0,0,0,0,0,0,0,1
441,mobile-usaa4.web.app,29,0,1,0,1,0,1,0,0,0,0,0,1,1,1,0,1
442,monassurance-ameli.fr,30,0,1,0,1,0,1,0,0,0,0,0,1,1,1,1,1
443,banca-sella-spa.itsaol.com,52,2,1,0,1,0,1,0,0,0,0,0,0,0,1,1,1
444,salmanfarsi01.github.io,62,1,0,0,0,0,1,0,0,0,0,0,1,1,1,0,1
445,aquarium-cleaning.ru,56,3,0,0,1,0,2,0,0,0,1,0,0,0,0,0,1
446,openwseanft.godaddysites.com,37,0,1,0,0,0,1,0,0,0,0,0,0,0,1,0,1
447,citizens0nlinebnking6vt57btpn.pages.dev,48,0,1,0,0,0,1,0,0,0,0,0,1,1,1,1,1
448,dev4229.d1136jcta58wch.amplifyapp.com,74,0,1,0,0,0,1,0,0,0,0,0,1,1,1,1,1
449,maoaolcl.weebly.com,28,0,1,0,0,0,1,0,0,0,0,0,0,0,0,0,1
450,cr000--bnmovil.repl.co,30,0,1,0,1,0,0,0,0,0,0,0,1,1,1,0,1
451,compte-sfr.me,22,0,1,0,1,0,1,0,0,0,0,0,0,0,1,1,1
452,app.35-72-13-210.cprapid.com,53,2,0,0,1,0,2,0,0,0,0,0,0,0,1,1,1
453,is.gd,28,1,1,1,0,0,1,0,0,0,0,0,1,1,1,0,1
454,massimo-sistema-sicuro-supporto-operatore.cfolks.pl,125,6,1,0,1,0,2,0,0,0,1,0,0,0,1,1,1
455,sp443788.sitebeat.crazydomains.com,43,0,1,0,0,0,1,0,0,0,0,0,0,0,0,0,1
456,bafybeia37xkvv4e6yxbk67y23k4wzjz2zrh5mg77mxxjuqbrvsecpq7s7a.ipfs.infura-ipfs.io,88,0,1,0,1,0,1,0,0,0,0,0,1,1,1,0,1
457,noway.builderallwppro.com,61,3,1,0,0,0,2,0,0,0,0,0,0,0,1,1,1
458,helpmettacase1000.firebaseapp.com,42,0,1,0,0,0,1,0,0,0,0,1,1,1,1,0,1
459,bvtwrecr34.faqserv.com,31,0,1,0,0,0,1,0,0,0,0,0,0,0,1,1,1
460,download2291.mediafire.com,93,3,1,0,0,0,2,0,0,0,0,0,0,0,0,0,1
461,43.128.92.128,377,3,1,0,0,0,1,0,0,0,0,0,1,1,1,1,1
462,loading-screen-timeout.web.app,39,0,1,0,1,0,1,0,0,0,0,0,1,1,1,0,1
463,pockatcard.co.jp.symeme.top,58,2,0,0,0,0,2,0,0,0,0,0,1,1,1,1,1
464,pub-10affc7d98614b899342ca9e4f65baa0.r2.dev,62,1,1,0,1,0,2,0,0,0,0,0,0,0,1,0,1
465,faintlcn.com,48,3,1,0,0,0,2,1,0,0,0,0,0,0,1,1,1
466,dev-suntyhmbnkytauc.pantheonsite.io,44,0,1,0,1,0,1,0,0,0,0,0,1,1,1,0,1
467,secure-ioos.com,32,1,0,0,1,0,1,0,0,0,0,0,0,0,1,1,1
468,gbhjglobal.info,64,2,0,0,0,0,2,0,0,0,0,0,0,0,1,0,1
469,ipfs.io,128,3,1,0,0,0,2,0,0,0,0,0,0,0,1,0,1
470,2e2rgcxi.square.site,29,0,1,0,0,0,1,0,0,0,0,0,1,1,1,0,1
471,att-104166.weeblysite.com,34,0,1,0,1,0,1,0,0,0,0,0,1,1,1,0,1
472,pub-d2d6f58f460d417bb5d9740265de96ab.r2.dev,61,1,1,0,1,0,2,0,0,0,0,0,0,0,1,0,1
473,meta-business-case-6110c.web.app,41,0,1,0,1,0,1,0,0,0,0,0,1,1,1,0,1
474,fb-recovery-d029d.web.app,34,0,1,0,1,0,1,0,0,0,0,0,1,1,1,0,1
475,ca53594.tw1.ru,47,3,0,0,0,0,2,0,0,0,1,0,0,0,1,1,1
476,smbctb.pretiane.com,39,1,1,0,0,0,2,0,0,0,0,0,1,1,1,1,1
477,cancel1972-coinbase.web.app,45,1,1,0,1,0,1,0,0,0,0,0,1,1,1,0,1
478,dev-pppersonabbbcrrrinformaaaa.pantheonsite.io,55,0,1,0,1,0,1,0,0,0,0,0,1,1,1,0,1
479,dev-itaupycli.pantheonsite.io,38,0,1,0,1,0,1,0,0,0,0,0,1,1,1,0,1
480,direct3.smbc.co.jp.aib.catloz.com,69,3,1,0,0,0,2,1,0,0,0,0,0,0,1,1,1
481,pockctcrad.co.jp.vfeqfg.top,58,2,0,0,0,0,2,0,0,0,0,0,1,1,1,1,1
482,arubahost.it.sell.20-57-10-180.cprapid.com,87,4,1,0,1,0,2,0,0,0,0,0,0,0,1,1,1
483,mail.109-206-242-17.cprapid.com,40,0,1,0,1,0,1,0,0,0,0,0,0,0,1,1,1
484,bafybeiggnv5xzvrm2k56jvgibwgfifnre4x42deywpataoynaw6ylrsxli.ipfs.cf-ipfs.com,84,0,1,0,1,0,0,0,0,0,0,0,0,0,0,0,1
485,onne.link,27,1,1,0,0,0,1,0,0,0,0,0,1,1,0,0,1
486,objectstorage.eu-paris-1.oraclecloud.com,110,6,1,0,1,0,3,0,0,0,1,0,0,0,0,0,1
487,appurl.io,28,1,1,0,0,0,1,0,0,0,0,0,0,0,1,0,1
488,bafybeihvoiyj5m3a2skigvuhahupigsxtab4r4ihy6norpghorgosxwkz4.ipfs.cf-ipfs.com,84,0,1,0,1,0,0,0,0,0,0,0,0,0,0,0,1
489,wdbsve2k.duckdns.org,28,0,1,0,0,0,0,0,0,0,0,0,1,1,1,1,1
490,saiconcard.co.jp.50gb122.xyz,40,0,0,0,0,0,1,0,0,0,0,0,1,1,1,1,1
491,imcu-review.org,23,0,0,0,1,0,1,0,0,0,0,0,1,1,1,1,1
492,amendesgouv-antai.fr,29,0,1,0,1,0,1,0,0,0,0,0,1,1,1,1,1
493,impressivebettersoftwareengineer.coronado2121.repl.co,62,0,1,0,0,0,1,0,0,0,0,0,1,1,1,0,1
494,recouvrement-netflix.fr,32,0,1,0,1,0,1,0,0,0,0,0,0,0,1,1,1
495,markdebrand.com,27,1,0,0,0,0,1,0,0,0,0,0,0,0,1,0,1
496,app.3-88-145-91.cprapid.com,36,0,1,0,1,0,1,0,0,0,0,0,0,0,1,1,1
497,kuerennkayccato-co-jp.kuerennkayccato.jahihd.top,208,1,1,0,1,0,1,0,0,0,0,0,1,1,1,1,1
498,credappmaisws.com,87,1,1,0,0,0,2,0,0,0,1,0,0,0,1,1,1
499,spiritual-lawyer-1318233601.cos.ap-guangzhou.myqcloud.com,120,1,1,0,1,0,2,0,0,0,0,0,0,0,1,0,1
500,docs.google.com,111,5,1,0,0,0,1,0,0,0,0,0,1,1,1,0,1
501,fattura.staffasestenza.co,75,3,1,0,0,0,2,0,0,0,0,0,1,1,0,0,1
502,bafybeicjf3lqjgajmg32jqrdtdxxjqh6takfn3lrjsuo3mfcpxuqkv6azm.ipfs.infura-ipfs.io,87,0,1,0,1,0,0,0,0,0,0,0,1,1,1,0,1
503,donweb.com,26,1,1,0,0,0,1,0,0,0,0,0,0,0,0,0,1
504,mtvxkuacqc.duckdns.org,29,0,0,0,0,0,0,0,0,0,0,0,1,1,1,1,1
505,esim-annulation.com,28,0,1,0,1,0,1,0,0,0,0,0,0,0,1,1,1
506,banid.pythonanywhere.com,47,3,1,0,0,0,1,0,0,0,0,1,1,1,1,0,1
507,patient-cell-40f5.updatedlogmylogin.workers.dev,54,0,0,0,1,0,0,0,0,0,1,0,1,1,0,0,1
508,intmecarref.firebaseapp.com,36,0,1,0,0,0,1,0,0,0,0,1,1,1,1,0,1
509,ipfs.io,96,3,1,0,0,0,2,0,0,0,0,0,0,0,1,0,1
510,xn--visualizandonline-maro-k7b.com,111,1,1,0,1,0,1,0,0,0,0,0,0,0,1,1,1
511,kueroneekayaaetn.co.jp.fm945.cn,40,0,1,0,0,0,1,0,0,0,0,0,0,0,1,1,1
512,express.adobe.com,45,2,1,0,0,0,1,0,0,0,0,0,1,1,0,0,1
513,acadianainjurylaw-1318334846.cos.ap-tokyo.myqcloud.com,85,1,1,0,1,0,2,0,0,0,0,0,0,0,1,0,1
514,credappmaiswsite.com,90,1,1,0,0,0,2,0,0,0,1,0,0,0,1,1,1
515,s.id,18,1,1,0,0,0,1,0,0,0,0,0,0,0,1,0,1
516,gcgvjhv.jhvjhhuhjh.repl.co,35,0,1,0,0,0,1,0,0,0,0,0,1,1,1,0,1
517,dispositivoconfigurazione.com,37,0,0,0,0,0,1,0,0,0,0,0,0,0,1,1,1
518,usabrooksn.top,27,0,1,0,0,0,1,0,0,0,0,0,0,0,1,1,1
519,verfyacounthelp.start.page,35,0,1,0,0,0,1,0,0,0,0,0,0,0,1,0,1
520,recovery-625f6.firebaseapp.com,39,0,1,0,1,0,1,0,0,0,0,1,1,1,1,0,1
521,titanic-ll.com,36,2,1,0,1,0,1,0,0,0,0,0,0,0,1,0,1
522,mywalet-gala-games-io.com,102,1,1,0,1,0,1,0,0,0,0,0,0,0,0,0,1
523,business-page-appeal-3be5e.web.app,43,0,1,0,1,0,1,0,0,0,0,0,1,1,1,0,1
524,abrir.link,24,1,1,0,0,0,1,0,0,0,0,0,1,1,0,0,1
525,e006840b-7349-4ef6-94e7-a93da384b6e0.id.repl.co,56,0,1,0,1,0,1,0,0,0,0,0,1,1,1,0,1
526,usashopinformed.com,33,1,0,0,0,0,1,0,0,0,0,0,1,1,1,0,1
527,pub-e6a01464714f4426972c98318dd3097b.r2.dev,63,1,1,0,1,0,2,0,0,0,0,0,0,0,0,0,1
528,faceltcase.com,22,0,1,0,0,0,0,0,0,0,0,0,1,1,1,1,1
529,shrill-disk-83b5.walda.workers.dev,57,0,1,0,1,0,1,0,0,0,0,0,1,1,1,0,1
530,fb-business-case-help-1294-241.firebaseapp.com,55,0,1,0,1,0,1,0,0,0,0,1,1,1,1,0,1
531,vernuievr79.youdontcare.com,35,0,1,0,0,0,0,0,0,0,0,0,0,0,1,1,1
532,Lubomir.podlogizklasa.com.pl,63,2,1,0,0,0,2,0,0,0,0,0,0,0,1,1,1
533,dev-lnformaciones-ltauweb.pantheonsite.io,49,0,0,0,1,0,1,0,0,0,0,0,1,1,1,0,1
534,pub-fba8345917d84ab9b9104f088b5f268b.r2.dev,61,1,1,0,1,0,2,0,0,0,0,0,0,0,1,0,1
535,gateway.pinata.cloud,93,2,1,0,0,0,1,0,0,0,0,0,0,0,1,0,1
536,14a5ff8b-75ce-4d16-826e-d7da30ce5382.id.repl.co,56,0,1,0,1,0,1,0,0,0,0,0,1,1,1,0,1
537,pitagorahelpbusiness.it,84,8,1,0,0,0,2,0,0,0,0,0,0,0,1,0,1
538,business1289768912.firebaseapp.com,43,0,1,0,0,0,1,0,0,0,0,1,1,1,1,0,1
539,fic0sahondur4s.ficohsa009212.repl.co,44,0,1,0,0,0,0,0,0,0,0,0,1,1,1,1,1
540,xsacdbfghre.isasecret.com,34,0,1,1,0,0,1,0,0,0,0,0,0,0,1,1,1
541,81e96aaa-8541-4bfd-9e80-cefb7ed2d25d.id.repl.co,55,0,1,0,1,0,0,0,0,0,0,0,1,1,1,0,1
542,meta-for-business-case-ba265.firebaseapp.com,53,0,1,0,1,0,1,0,0,0,0,1,1,1,1,0,1
543,appdynamicsnowvip.com,28,0,0,0,0,0,0,0,0,0,0,0,0,0,1,0,1
544,24to7bankdostava.shop,46,2,1,0,0,0,1,0,0,0,0,0,0,0,1,1,1
545,gmo-aoizorica.icu,26,0,1,0,1,0,1,0,0,0,0,0,0,0,1,1,1
546,eki-net.com.ymnww.shop,35,0,1,1,1,0,1,0,0,0,0,0,0,0,1,1,1
547,sf1-qs.firebaseapp.com,31,0,1,0,1,0,1,0,0,0,0,1,1,1,1,0,1
548,cz.ceskysystem.situationcrude.co.in,68,3,0,0,0,0,1,0,0,0,0,0,0,0,1,1,1
549,app-orts.m77ptlkxgr-wg96g985y3oy.p.temp-site.link,57,0,0,0,1,0,1,0,0,0,0,0,1,1,1,1,1
550,torzilliseguros.com.ar,31,0,1,0,0,0,1,0,0,0,0,0,1,1,1,1,1
551,btvwerc34.vizvaz.com,29,0,1,0,0,0,1,0,0,0,0,0,0,0,1,1,1
552,tzecuu.duckdns.org,27,0,1,0,0,0,1,0,0,0,0,0,1,1,1,1,1
553,23687-5846.s2.webspace.re,34,0,1,0,1,0,1,0,0,0,0,0,1,1,1,1,1
554,aipadclaim.netlify.app,50,2,1,0,0,0,2,0,0,0,0,0,1,1,1,0,1
555,opzo92os99di1z.yourtrap.com,34,0,0,0,0,0,0,0,0,0,0,0,0,0,1,1,1
556,38923133-9029-4a44-adf5-654f526cbbde.id.repl.co,56,0,1,0,1,0,1,0,0,0,0,0,1,1,1,0,1
557,sp931366.sitebeat.crazydomains.com,43,0,1,0,0,0,1,0,0,0,0,0,0,0,0,0,1
558,dati.online.87-120-254-23.cprapid.com,53,1,1,0,1,0,1,0,0,0,0,0,0,0,1,1,1
559,gateway.pinata.cloud,93,2,1,0,0,0,1,0,0,0,0,0,1,1,1,0,1
560,pqcytuvaezxbnke13.z21.web.core.windows.net,51,0,1,0,0,0,1,0,0,0,0,0,1,1,1,1,1
561,loving-tharp.45-14-165-241.plesk.page,69,1,1,0,1,0,1,0,0,0,0,0,1,1,1,1,1
562,dulcimerdolls.com.au,44,2,1,0,0,0,1,1,0,0,0,0,1,1,1,0,1
563,ihhivx.dxiiv.workers.dev,33,0,1,0,0,0,1,0,0,0,0,0,1,1,0,0,1
564,cf-ipfs.com,97,3,1,0,1,0,2,0,0,0,0,0,0,0,1,0,1
565,auth-idme.info,30,1,1,0,1,0,1,0,0,0,0,0,0,0,1,1,1
566,nokaosh.ambernook.co.uk,47,1,1,0,0,0,1,0,0,0,0,0,0,0,1,1,1
567,babyfrogcoin.co,24,0,1,0,0,0,1,0,0,0,0,0,0,0,1,1,1
568,apetitdriveerin.blob.core.windows.net,64,2,1,0,0,0,2,0,0,0,0,0,1,1,1,1,1
569,bafybeifd4mktenvllaksaygftbrgrjm33lfwogt3lu5afxwrmahrfryyve.ipfs.dweb.link,83,0,1,0,0,0,1,0,0,0,0,0,0,0,1,0,1
570,mobilerecentopposites.david7730.repl.co,48,0,1,0,0,0,1,0,0,0,0,0,1,1,1,1,1
571,saisoncacrd.co.jp.2012bao.cn,41,0,1,0,0,0,1,0,0,0,0,0,0,0,1,1,1
572,roninchain.website,27,0,1,0,0,0,1,0,0,0,0,0,1,1,1,1,1
573,uaebestlawyer-1318334846.cos.ap-jakarta.myqcloud.com,79,1,1,0,1,0,2,0,0,0,0,0,0,0,1,0,1
574,webservices.secure.att.mjb-control.com,47,0,1,0,1,0,1,0,0,0,0,0,0,0,1,1,1
575,ladyrareapepeyc.com,26,0,0,0,0,0,0,0,0,0,0,0,0,0,0,0,1
576,www1.kurersekoza-jp.icu,32,0,1,0,1,0,1,0,0,0,0,0,0,0,1,1,1
577,formaloo.net,26,1,1,0,0,0,1,0,0,0,0,0,0,0,1,0,1
578,tinyurl.com,28,1,1,1,0,0,1,0,0,0,0,0,0,0,1,0,1
579,cruzverde.com.mx,93,8,1,0,0,0,1,0,0,0,0,0,0,0,1,0,1
580,giris.turkiye.gov.tr.haziranayi.77-83-201-133.plesk.page,71,1,1,0,1,0,1,0,0,0,0,0,1,1,1,1,1
581,sk-39498.web.app,25,0,1,0,1,0,1,0,0,0,0,0,1,1,1,0,1
582,amazon-bvdsfdasaf.sexidude.com,39,0,1,0,1,0,1,0,0,0,0,0,0,0,1,1,1
583,recipient-queries.web.app,34,0,1,0,1,0,1,0,0,0,0,0,1,1,1,0,1
584,my-business-102914-100929.square.site,46,0,1,0,1,0,1,0,0,0,0,0,1,1,1,0,1
585,sfr-service-sim.fr,27,0,1,0,1,0,1,0,0,0,0,0,0,0,1,1,1
586,hh-2-pd6hgfmvuq-et.a.run.app,37,0,1,0,1,0,1,0,0,0,0,0,1,1,0,0,1
587,thoskins.myportfolio.com,33,0,1,0,0,0,1,0,0,0,0,0,1,1,0,0,1
588,1i-nch.site,18,0,0,0,1,0,0,0,0,0,0,0,1,1,1,1,1
589,login-screen-108873.square.site,40,0,1,0,1,0,1,0,0,0,1,0,1,1,1,0,1
590,dorissteffan-wagner.com,38,1,1,0,1,0,1,0,0,0,0,0,0,0,1,0,1
591,silkyseagreenprojector.informationsper.repl.co,55,0,1,0,0,0,1,0,0,0,0,0,1,1,1,0,1
592,ipfs.eth.aragon.network,97,2,1,0,0,0,1,0,0,0,0,0,1,1,0,0,1
593,nodesyieldrobot.com,26,0,0,1,0,0,0,0,0,0,0,0,0,0,1,1,1
594,sp341531.sitebeat.crazydomains.com,43,0,1,0,0,0,1,0,0,0,0,0,0,0,0,0,1
595,pockatcacd.co.jp.zkuqho.top,58,2,0,0,0,0,2,0,0,0,0,0,1,1,1,1,1
596,hearinghealthawareness.org,49,2,1,0,0,0,1,0,0,0,0,0,0,0,1,1,1
597,metasupport-45600.000webhostapp.com,57,1,1,0,1,0,2,0,0,0,1,0,0,0,0,0,1
598,yp.dietmat.online,26,0,1,0,0,0,1,0,0,0,0,0,0,0,1,1,1
599,juguhd.cn,26,1,1,0,0,0,1,0,0,0,0,0,0,0,1,1,1
600,u1u81uiqeqe.wixsite.com,39,1,1,0,0,0,1,0,0,0,0,1,1,1,0,0,1
601,mjaymurly2vtymvymjiyn3ro.filesusr.com,122,2,1,0,0,0,2,0,0,0,0,0,0,0,1,0,1
602,fswebamexgiftdr.z20.web.core.windows.net,49,0,1,0,0,0,1,0,0,0,0,0,1,1,1,0,1
603,bafybeiej7yhb2iwiofcthkhpcegljk75ifsm7xk3gngyb2d6rznkc3st5q.ipfs.dweb.link,187,1,1,0,0,0,2,0,0,0,0,0,0,0,1,0,1
604,cloudflare-ipfs.com,107,3,1,0,1,0,2,0,0,0,0,0,0,0,0,0,1
605,wang.badeneg.pl,48,2,1,0,0,0,2,0,0,0,0,0,0,0,0,0,1
606,sprt179911ecupichi178598--39558016afk2246.repl.co,58,0,1,0,1,0,1,0,0,0,0,0,1,1,1,0,1
607,ipfs.moralis.io,88,2,1,0,0,0,1,0,0,0,0,0,0,0,0,0,1
608,noadfyigds.2waky.com,29,0,1,0,0,0,1,0,0,0,0,0,0,0,1,1,1
609,daijoubunamono.jp,99,4,1,0,0,0,3,0,0,0,1,0,1,1,0,0,1
610,demo.appstirr.com,124,7,1,0,0,0,1,0,0,0,1,1,1,1,1,0,1
611,xw5gj8w5cc.knolllaundry.co.uk,68,0,1,0,0,0,1,0,0,0,0,0,0,0,0,0,1
612,att-106372.weeblysite.com,33,0,0,0,1,0,1,0,0,0,0,0,1,1,1,0,1
613,att-109845.weeblysite.com,33,0,0,0,1,0,1,0,0,0,0,0,1,1,1,0,1
614,bafybeiamr6r3s2d5gn64o4zskyeqfiunfqijycriomlfrhug35ga7rqx2q.ipfs.cf-ipfs.com,84,0,1,0,1,0,0,0,0,0,0,0,0,0,0,0,1
615,objectstorage.ap-sydney-1.oraclecloud.com,106,6,1,0,1,0,3,0,0,0,1,0,0,0,0,0,1
616,onne.link,89,1,1,0,0,0,1,0,0,0,0,0,1,1,0,0,1
617,4everland.io,94,3,1,0,0,0,2,0,0,0,0,0,0,0,1,0,1
618,app.exodus.com.alchemys.cl,35,0,1,0,0,0,1,0,0,0,0,0,0,0,1,1,1
619,bafybeihrx2yib6wyxewypdgrnkc36ppjv2fcees7utxrg3cvmseuogbama.ipfs.infura-ipfs.io,105,1,1,0,1,0,2,0,0,0,0,0,1,1,1,0,1
620,promartellago.com,57,3,1,0,0,0,2,0,0,0,0,0,0,0,0,0,1
621,login-review-uk.web.app,32,0,1,0,1,0,1,0,0,0,1,0,1,1,1,0,1
622,meta-business-case-34577.web.app,41,0,1,0,1,0,1,0,0,0,0,0,1,1,1,0,1
623,freemarecharge.in,24,0,0,0,0,0,0,0,0,0,0,0,0,0,0,0,1
624,caneasy.com.cn,25,1,1,0,0,0,1,0,0,0,0,0,0,0,1,1,1
625,bafybeiho4kxeo7abhfevmqymijwu3o5ukbnyxxfk7bzjftfce23mcvng3u.ipfs.infura-ipfs.io,102,1,1,0,1,0,2,0,0,0,0,0,1,1,1,0,1
626,slavinhi.com,39,2,1,0,0,0,1,0,0,0,0,0,0,0,0,0,1
627,steamcomnnmuity.com,54,2,1,0,0,0,1,0,0,0,0,0,0,0,1,1,1
628,god653templ1808200--stan12893doff12.repl.co,51,0,1,0,1,0,0,0,0,0,0,0,1,1,1,0,1
629,nftstorage.link,75,2,1,0,0,0,1,0,0,0,0,0,0,0,1,0,1
630,centroromacuore.it,50,3,1,0,0,0,2,0,0,0,1,0,0,0,1,1,1
631,web10733.web07.bero-webspace.de,54,2,1,0,1,0,1,0,0,0,0,0,1,1,1,1,1
632,1yq7p4.duckdns.org,26,0,1,0,0,0,0,0,0,0,0,0,1,1,1,1,1
633,ac6.godaddysites.com,29,0,1,0,0,0,1,0,0,0,0,1,1,1,0,0,1
634,parcforallerd.builderallwppro.com,71,4,0,0,0,0,2,0,0,0,0,1,1,1,1,1,1
635,businesses-support-194f1.firebaseapp.com,49,0,1,0,1,0,1,0,0,0,0,1,1,1,1,0,1
636,connection-orangebank-certicode.derlma.com,59,1,1,0,1,0,1,0,0,0,0,0,0,0,1,1,1
637,sindemail.com,46,2,0,0,0,0,2,0,0,0,1,1,1,1,1,1,1
638,help-center460.crabdance.com,42,1,0,0,1,0,1,0,0,0,0,0,1,1,1,1,1
639,cloudflare-ipfs.com,99,3,1,0,1,0,1,0,0,0,0,0,0,0,0,0,1
640,syncrdapps.netlify.app,48,2,1,0,0,0,2,0,0,0,0,0,1,1,1,0,1
641,dvgbghm65ghhjmn.godaddysites.com,41,0,1,0,0,0,1,0,0,0,0,0,0,0,1,0,1
642,dlrect-smtb.jp.ap1.ib.smartbuiltprefab.com,55,0,1,0,1,0,1,0,0,0,0,0,0,0,1,1,1
643,identidaddigitalperu.com,44,1,1,0,0,0,1,0,0,0,0,0,0,0,0,0,1
644,nftstorage.link,93,3,1,0,0,0,2,0,0,0,0,0,0,0,0,0,1
645,monamendes-gouv-infos.com,34,0,1,0,1,0,1,0,0,0,0,0,0,0,1,1,1
646,ipfs.io,90,3,1,0,0,0,2,0,0,0,0,0,0,0,1,0,1
647,shljkhfwuw.duckdns.org,29,0,0,0,0,0,0,0,0,0,0,0,1,1,1,1,1
648,clfkbitqsm6417d50664b75.causee.ru,42,0,1,0,0,0,1,0,0,0,0,0,0,0,1,1,1
649,amazon-bnmkh.dns04.com,31,0,1,0,1,0,1,0,0,0,0,0,0,0,1,1,1
650,hiper2viafaturaltau.com,31,0,0,0,0,0,1,0,0,0,0,0,0,0,1,1,1
651,u1965047.plsk.regruhosting.ru,40,1,0,0,0,0,1,0,0,0,0,0,0,0,1,1,1
652,green-math-1c4f.0fbi178t.workers.dev,45,0,1,0,1,0,1,0,0,0,0,0,1,1,0,0,1
653,younasjewelleryhouse.com,46,2,1,0,0,0,2,0,0,0,1,0,0,0,1,0,1
654,klay-ac.web.app,24,0,1,0,1,0,1,0,0,0,0,0,1,1,0,0,1
655,gali-oficce--carlos-ernest17.repl.co,45,0,1,0,1,0,1,0,0,0,0,0,1,1,1,0,1
656,jam-023d.gitlab.io,83,2,1,0,1,0,2,0,0,0,0,0,1,1,0,0,1
657,qsnetwork.az1.qualtrics.com,98,3,1,0,0,0,1,0,0,0,0,0,1,1,0,0,1
658,secure101-verification.com,34,0,1,0,1,0,0,0,0,0,0,0,1,1,1,1,1
659,exodus-extension.com,28,0,1,0,1,0,0,0,0,0,0,0,0,0,1,1,1
660,irs-gov.systeme.io,33,1,1,0,1,0,1,0,0,0,0,0,0,0,1,0,1
661,pub-114bf875aa3942cdae2e96c88ae4297d.r2.dev,65,1,1,0,1,0,2,0,0,0,0,0,0,0,0,0,1
662,viewgnas.top,21,0,1,0,0,0,1,0,0,0,0,0,0,0,1,1,1
663,triban.co,31,1,1,0,0,0,1,0,0,0,0,0,1,1,0,0,1
664,grthrsfaf.mysecondarydns.com,37,0,1,0,0,0,1,0,0,0,0,0,0,0,1,1,1
665,xn--individuos-cudad-ksb.com,44,1,1,0,1,0,1,0,0,0,0,1,1,1,1,1,1
666,serviziofatturazione-italy.com,43,0,1,0,1,0,1,0,0,0,0,1,1,1,1,1,1
667,roundcubemanday001.firebaseapp.com,43,0,1,0,0,0,1,0,0,0,0,1,1,1,1,0,1
668,bafybeia5ppbhyof3jot6thkigpwneesddfzguq37ct7ytgor7effoe3riu.ipfs.dweb.link,102,0,1,0,0,0,1,0,0,0,0,0,0,0,1,0,1
669,polkaqstarter.com,28,0,0,0,0,0,0,0,0,0,0,0,0,0,0,0,1
670,dweb.link,69,2,1,0,0,0,1,0,0,0,0,0,0,0,1,0,1
671,npswebs.com,49,5,1,0,0,0,2,0,1,0,1,0,0,0,1,0,1
672,nftstorage.link,75,2,1,0,0,0,1,0,0,0,0,0,0,0,1,0,1
673,ifjlfgbi.duckdns.org,28,0,1,0,0,0,0,0,0,0,0,0,1,1,1,1,1
674,infura-ipfs.io,74,2,1,0,1,0,1,0,0,0,0,0,1,1,1,0,1
675,napaautoparts.us.org,27,0,0,0,0,0,0,0,0,0,0,0,1,1,1,1,1
676,wideeyedfewsoftwareengineer.eewfwe.repl.co,50,0,1,0,0,0,0,0,0,0,0,0,1,1,1,0,1
677,sfr-abonnement.net,36,1,1,0,1,0,2,0,0,0,1,0,0,0,1,1,1
678,ce.do,17,1,0,0,0,0,1,0,0,0,0,0,0,0,0,0,1
679,m-poste5.web.app,25,0,1,0,1,0,1,0,0,0,0,0,1,1,1,0,1
680,servidores-online.com,30,0,1,0,1,0,1,0,0,0,0,0,0,0,1,1,1
681,gateway.pinata.cloud,93,2,1,0,0,0,1,0,0,0,0,0,1,1,1,0,1
682,infura-ipfs.io,74,2,1,0,1,0,1,0,0,0,0,0,1,1,1,0,1
683,hqvn481.duckdns.org,27,0,1,0,0,0,0,0,0,0,0,0,1,1,1,1,1
684,arbirtrium.com,22,0,1,0,0,0,0,0,0,0,0,0,1,1,1,1,1
685,ipfs.io,90,3,1,0,0,0,2,0,0,0,0,0,0,0,1,0,1
686,hotelallahabadregency.com,49,3,0,0,0,0,2,0,0,0,0,0,0,0,1,1,1
687,bit.do,20,1,0,1,0,0,1,0,0,0,0,0,0,0,1,1,1
688,help-center685.crabdance.com,42,1,0,0,1,0,1,0,0,0,0,0,1,1,1,1,1
689,cf05042.tw1.ru,44,3,0,0,0,0,2,0,0,0,1,0,0,0,1,1,1
690,mon-compte-client.breasrl.com,43,1,1,0,1,0,1,1,0,0,0,0,0,0,1,1,1
691,serviclientelsu2023.myclickfunnels.com,59,1,1,0,0,0,1,1,0,0,0,0,0,0,0,0,1
692,3223522.josede91.repl.co,33,0,1,0,0,0,1,0,0,0,0,0,1,1,1,0,1
693,dlrect3.smbcc.co.jp.baituapp.com,45,0,1,0,0,0,1,0,0,0,0,0,0,0,1,1,1
694,4bx28w.csb.app,35,1,1,0,0,0,2,0,0,0,0,0,0,0,1,0,1
695,52af794f-3f5c-4dfc-825f-dac77f042a1a.id.repl.co,55,0,1,0,1,0,0,0,0,0,0,0,1,1,1,0,1
696,10029384561278183.work.gd,33,0,0,0,0,0,1,0,0,0,0,0,1,1,1,1,1
697,bisa-securecom.bancobisa.repl.co,41,0,1,0,1,0,1,0,0,0,0,0,1,1,1,1,1
698,business-recovery-manage.web.app,41,0,1,0,1,0,1,0,0,0,0,0,1,1,1,0,1
699,ipfs.io,97,3,1,0,0,0,2,0,0,0,0,0,0,0,1,0,1
700,4everland.io,85,2,1,0,0,0,1,0,0,0,0,0,0,0,1,0,1
701,danli.lilyve.ru,117,1,1,0,0,0,1,0,0,0,0,0,0,0,1,1,1
702,meta-business-case-87d89.web.app,41,0,1,0,1,0,1,0,0,0,0,0,1,1,1,0,1
703,khepabazar.com,33,2,1,0,0,0,1,0,0,0,0,0,0,0,1,0,1
704,sp933957.sitebeat.crazydomains.com,43,0,1,0,0,0,1,0,0,0,0,0,0,0,0,0,1
705,nfcuva.link,25,1,1,0,0,0,1,0,0,0,1,0,1,1,1,0,1
706,ipfs.best-practice.se,94,2,1,0,1,0,1,0,0,0,0,0,0,0,1,0,1
707,k63nug.webwave.dev,27,0,1,0,0,0,1,0,0,0,0,0,0,0,1,0,1
708,aui493849934324zim.web.app,49,0,1,0,0,0,1,0,0,0,0,0,1,1,1,0,1
709,storageapi-stg.fleek.co,97,3,1,0,1,0,2,0,0,0,0,0,0,0,1,0,1
710,spisfb6g5.duckdns.org,29,0,1,0,0,0,0,0,0,0,0,0,1,1,1,1,1
711,sp763932.sitebeat.crazydomains.com,43,0,1,0,0,0,1,0,0,0,0,0,0,0,0,0,1
712,connection-orangebank-certicode.derlma.com,59,1,1,0,1,0,1,0,0,0,0,0,0,0,1,1,1
713,sp290248.sitebeat.crazydomains.com,43,0,1,0,0,0,1,0,0,0,0,0,0,0,0,0,1
714,cwgin5.webwave.dev,27,0,1,0,0,0,1,0,0,0,0,0,0,0,1,0,1
715,woaksw.com,79,3,1,0,0,0,1,0,0,0,0,0,0,0,1,1,1
716,pub-f1a52e7b1e454e75aab969889927d0af.r2.dev,64,1,1,0,1,0,2,0,0,0,0,0,0,0,1,0,1
717,rjgaafdssv.echo4frpp.club,64,1,0,0,0,0,1,0,0,0,0,0,1,1,1,1,1
718,allstarsmail.com,24,0,1,0,0,0,0,0,0,0,0,0,0,0,1,1,1
719,ferwacx.top,26,1,1,0,0,0,2,0,0,0,0,0,0,0,1,1,1
720,americaoexpeecs.co.jp.caudgdk.cn,44,0,0,0,0,0,1,0,0,0,0,1,1,1,1,1,1
721,networksolutions-fd.firebaseapp.com,44,0,1,0,1,0,1,0,0,0,0,1,1,1,1,0,1
722,wwwinfoaupay.speaciossp.com,36,0,1,0,0,0,1,0,0,0,0,0,0,0,1,1,1
723,overjoyedunsteadydevelopments.resetpas38.repl.co,57,0,1,0,0,0,1,0,0,0,0,0,1,1,1,1,1
724,paypal.com.login.prosto-vsem.ru,40,0,1,0,1,0,1,0,0,0,1,0,0,0,1,0,1
725,contractagremnnnt.didns.ru,34,0,0,0,0,0,1,0,0,0,0,0,0,0,1,1,1
726,meta-business-case-76fb7.web.app,41,0,1,0,1,0,1,0,0,0,0,0,1,1,1,0,1
727,bafybeifixbd54qg2cn75xa22iajf6ctlrkxwcdj4wxeso35znd62gx77um.ipfs.nftstorage.link,97,1,1,0,0,0,2,0,0,0,0,0,0,0,1,0,1
728,infura-ipfs.io,84,3,1,0,1,0,2,0,0,0,0,0,1,1,1,0,1
729,wsocucoz.com,41,3,1,0,0,0,1,0,0,0,1,0,0,0,1,1,1
730,susiesun16.wixsite.com,35,1,1,0,0,0,1,0,0,0,0,1,1,1,0,0,1
731,bafybeib7qftc7bgvhkdew2purmpqalnn2knkwefxjdgeuskqd5spht4jym.ipfs.w3s.link,82,0,1,0,0,0,1,0,0,0,0,0,0,0,0,0,1
732,sp547550.sitebeat.crazydomains.com,43,0,1,0,0,0,1,0,0,0,0,0,0,0,0,0,1
733,support-team-16549.web.app,35,0,1,0,1,0,1,0,0,0,0,0,1,1,1,0,1
734,bafkreicn7vzromvz33uwszxv3thpvfhic5hmn7emgdvxkvmwfpx5bdzbxe.ipfs.cf-ipfs.com,84,0,1,0,1,0,0,0,0,0,0,0,0,0,0,0,1
735,business-advertise-case-5664a.web.app,46,0,1,0,1,0,1,0,0,0,0,0,1,1,1,0,1
736,meta-business-case-52460.web.app,41,0,1,0,1,0,1,0,0,0,0,0,1,1,1,0,1
737,ohepfsaff8.top,22,0,1,0,0,0,0,0,0,0,0,0,1,1,1,1,1
738,et9947.click,52,3,1,0,0,0,1,0,0,0,0,0,1,1,1,1,1
739,login.auth0.bergreco.com,41,1,1,0,0,0,1,0,0,0,1,0,0,0,1,1,1
740,ipfs.io,81,2,1,0,0,0,1,0,0,0,0,0,0,0,1,0,1
741,wfow-8ab44.web.app,27,0,1,0,1,0,1,0,0,0,0,0,1,1,0,0,1
742,etc-nsgfznbx.ikwb.com,30,0,1,0,1,0,1,0,0,0,0,0,0,0,1,1,1
743,daily-literate-mile.glitch.me,46,1,0,0,1,0,2,0,0,0,0,1,1,1,1,0,1
744,irsssgmail.temp.swtest.ru,49,3,0,0,0,0,2,0,0,0,0,0,0,0,1,0,1
745,bafybeihzacsyt5kygj4o3gztaqm7q23mi3b4ztetky4eaxsvoifjcphbia.ipfs.cf-ipfs.com,96,1,1,0,1,0,2,0,0,0,0,0,0,0,1,0,1
746,saiconsard.co.jp.nlytoc.top,50,2,0,0,0,0,2,0,0,0,0,0,1,1,1,1,1
747,fkposcertle.firebaseapp.com,36,0,1,0,0,0,1,0,0,0,0,1,1,1,1,0,1
748,ordes13282-ollox.ordenhos893.cfd,63,0,1,0,1,0,1,0,0,0,0,0,1,1,1,1,1
749,ep-2hv.pages.dev,25,0,1,0,1,0,1,0,0,0,0,0,1,1,1,0,1
750,gateway.pinata.cloud,106,3,1,0,0,0,2,0,0,0,0,0,1,1,1,0,1
751,shopbyminimalist.com,28,0,1,1,0,0,0,0,0,0,0,0,0,0,0,0,1
752,protocoldapps.web.app,30,0,1,0,0,0,1,0,0,0,0,0,1,1,0,0,1
753,tt72b7.freetcp.com,26,0,1,0,0,0,0,0,0,0,0,0,0,0,1,1,1
754,delhiescort69.com,49,2,0,0,0,0,4,0,0,0,0,0,0,0,1,0,1
755,mvorg3.hyperphp.com,31,0,0,0,0,0,1,0,0,0,0,0,0,0,1,0,1
756,43.156.5.148,462,3,1,0,0,0,1,0,0,0,0,0,1,1,1,1,1
757,forms.gle,35,1,1,0,0,0,1,0,0,0,0,0,1,1,1,0,1
758,accedi.comunicazioni-staff.com,45,1,1,0,1,0,1,0,0,0,0,0,0,0,1,1,1
759,wi52.cn,16,0,1,0,0,0,1,0,0,0,0,0,0,0,1,1,1
760,americaoexpeecs.co.jp.sjkjabo.cn,44,0,0,0,0,0,1,0,0,0,0,1,1,1,1,1,1
761,bankkofameriicalogin.bankofamericasbm.workers.dev,58,0,1,0,0,0,1,0,0,0,1,0,1,1,0,0,1
762,c1yuf86.duckdns.org,27,0,1,0,0,0,0,0,0,0,0,0,1,1,1,1,1
763,krypt-crest.netlify.app,32,0,1,0,1,0,1,0,0,0,0,0,1,1,1,0,1
764,cleanedshop.com,23,0,1,0,0,0,0,0,0,0,0,0,1,1,1,0,1
765,csgo-trademarkets.buzz,137,1,1,0,1,0,2,0,0,0,0,0,0,0,1,1,1
766,ollx.76547358.xyz,33,1,0,0,0,0,1,0,0,0,0,0,0,0,1,1,1
767,business-advertise-case-1210a.web.app,46,0,1,0,1,0,1,0,0,0,0,0,1,1,1,0,1
768,combinedctc.com,23,0,0,0,0,0,1,0,0,0,0,0,0,0,0,0,1
769,slawomir.pargolskii.pl,55,2,1,0,0,0,2,0,0,0,0,0,0,0,1,1,1
770,connectenligne.derlma.com,69,6,1,0,0,0,1,0,0,0,0,0,0,0,1,1,1
771,optus.verify-24.com,32,0,1,0,1,0,1,0,0,0,0,0,1,1,1,1,1
772,grzdwsda.dsmtp.com,27,0,1,0,0,0,1,0,0,0,0,0,0,0,1,1,1
773,amazcazzm-co-jp.amazzcocn.weioom.top,48,0,0,0,1,0,1,0,0,0,0,0,0,0,1,1,1
774,netflix-konto-no.com,33,1,1,0,1,0,1,0,0,0,0,0,0,0,1,1,1
775,o2q3ve.webwave.dev,27,0,1,0,0,0,1,0,0,0,0,0,0,0,1,0,1
776,q23fds.myddns.com,30,0,1,0,0,0,1,0,0,0,0,0,0,0,1,1,1
777,jhpjqzlofx.duckdns.org,31,0,1,0,0,0,1,0,0,0,0,0,1,1,1,1,1
778,post.deliver-it.pw,39,2,0,0,1,0,1,0,0,0,0,0,0,0,1,1,1
779,tz.melpoczta.pl,44,2,1,0,0,0,2,0,0,0,0,0,0,0,0,0,1
780,aau8anuud.z13.web.core.windows.net,43,0,1,0,0,0,1,0,0,0,0,0,1,1,1,1,1
781,bio.site,26,1,1,0,0,0,1,0,0,0,0,0,1,1,0,0,1
782,helpid96655723849185962813.web.app,43,0,1,0,0,0,1,0,0,0,0,0,1,1,1,0,1
783,cf-ipfs.com,121,3,1,0,1,0,2,0,0,0,0,0,0,0,1,0,1
784,d5xfmfl.duckdns.org,27,0,1,0,0,0,0,0,0,0,0,0,1,1,1,1,1
785,att-100524.weeblysite.com,34,0,1,0,1,0,1,0,0,0,0,0,1,1,1,0,1
786,21563142--5324765.repl.co,33,0,1,0,1,0,0,0,0,0,0,0,1,1,1,0,1
787,dev-cuscatlanweb.pantheonsite.io,41,0,1,0,1,0,1,0,0,0,0,0,1,1,1,0,1
788,case100985610961296312610.web.app,42,0,1,0,0,0,1,0,0,0,0,0,1,1,1,0,1
789,kuerenakaycoato.co.jp.kuercnnkayceata.vuvzqp.top,60,0,0,0,0,0,1,0,0,0,0,0,1,1,1,1,1
790,bafybeibk4j5dafn6ut5e3qx24247rby5gjxh6nj2lpz3l2d6xi5kt6khsa.ipfs.nftstorage.link,88,0,1,0,0,0,0,0,0,0,0,0,0,0,1,0,1
791,att-yahoo-101878.weeblysite.com,40,0,1,0,1,0,1,0,0,0,0,0,1,1,0,0,1
792,gateway.pinata.cloud,93,2,1,0,0,0,1,0,0,0,0,0,1,1,1,0,1
793,sitebuilder181450.dynadot.com,38,0,1,1,0,0,1,0,0,0,0,0,0,0,1,0,1
794,evernote.com,362,4,1,0,0,0,1,1,0,0,0,0,0,0,1,0,1
795,gt.industrialbi1.repl.co,33,0,1,0,0,0,1,0,0,0,0,0,1,1,1,1,1
796,help-center248.crabdance.com,42,1,0,0,1,0,1,0,0,0,0,0,1,1,1,1,1
797,verify-center96.strangled.net,43,1,0,0,1,0,1,0,0,0,0,0,0,0,1,1,1
798,zimhra.000webhostapp.com,32,0,0,0,0,0,1,0,0,0,0,0,0,0,0,0,1
799,223462625423ar.linkpc.net,33,0,0,0,0,0,1,0,0,0,0,0,0,0,1,0,1
800,dry-bar-4120.on.fleek.co,32,0,0,0,1,0,1,0,0,0,0,0,0,0,1,0,1
801,bit.ly,22,1,1,1,0,0,1,0,0,0,0,0,1,1,1,1,1
802,www2.micard.co.jp.misuon.icu,37,0,1,0,0,0,1,0,0,0,0,0,0,0,1,1,1
803,ipfs.io,101,3,1,0,0,0,2,0,0,0,0,0,0,0,1,0,1
804,epanels-ulogs-info.192-236-162-221.cprapid.com,76,3,1,0,1,0,2,0,0,0,0,0,0,0,1,1,1
805,anomaliarilevata01.com,31,0,1,0,0,0,1,0,0,0,0,0,0,0,1,1,1
806,bafkreieh5nz7ltylylek5ifkxjcvrwisxk3odv3u2ypi2febtapexkuef4.ipfs.infura-ipfs.io,88,0,1,0,1,0,1,0,0,0,0,0,1,1,1,0,1
807,ipfs.eth.aragon.network,113,3,1,0,0,0,2,0,0,0,0,0,1,1,0,0,1
808,bafybeibdfh53bbjnwrew7owprtbncomwwyq7aojc7txhuy6fxjzw4w2kte.ipfs.infura-ipfs.io,87,0,1,0,1,0,0,0,0,0,0,0,1,1,1,0,1
809,ts.proericaonline.repl.co,34,0,1,0,0,0,1,0,0,0,0,0,1,1,1,0,1
810,is.gd,28,1,1,1,0,0,1,0,0,0,0,0,1,1,1,0,1
811,apps-seedify.org,23,0,0,0,1,0,0,0,0,0,0,0,0,0,0,0,1
812,chibajp.cam,20,0,1,0,0,0,1,0,0,0,0,0,0,0,1,1,1
813,mega-panelas-imperdivel.com,61,3,0,0,1,0,2,0,0,0,0,0,0,0,1,1,1
814,e98a8a39-b229-4d3f-a468-e64b69923079.id.repl.co,55,0,1,0,1,0,0,0,0,0,0,0,1,1,1,0,1
815,mutfakci.az,32,1,1,0,0,0,1,0,0,0,0,0,1,1,0,0,1
816,rtewt.wikaba.com,25,0,1,0,0,0,1,0,0,0,0,0,0,0,1,1,1
817,att-yahoo-105629seriestrlite.square.site,48,0,0,0,1,0,1,0,0,0,0,0,1,1,1,0,1
818,ipfs.io,67,2,1,0,0,0,1,0,0,0,0,0,0,0,1,0,1
819,04-02-vetbhr-y0t6hju-e9rthg0-ewr9jgv-0efgh0-hgvf.obs.ap-southeast-1.myhuaweicloud.com,241,1,1,0,1,0,2,0,0,0,0,0,0,0,1,0,1
820,amazon-vghyu.sexidude.com,34,0,1,0,1,0,1,0,0,0,0,0,0,0,1,1,1
821,is.gd,20,1,1,1,0,0,1,0,0,0,0,0,1,1,1,0,1
822,carolinagreenscapesws.com,43,1,1,0,0,0,1,0,0,0,0,0,1,1,1,0,1
823,accedi-ora-id.66-29-139-17.cprapid.com,47,0,1,0,1,0,1,0,0,0,0,0,0,0,1,1,1
824,bafybeiarkqndoh3z7ppxniypags3prf3ar4bllv366opeul3yjnc5m5phy.ipfs.dweb.link,83,0,1,0,0,0,1,0,0,0,0,0,0,0,1,0,1
825,metamaskv.cc,21,0,1,0,0,0,1,0,0,0,0,0,0,0,1,1,1
826,cold-sun-20d0.siceerruhrltakt3622.workers.dev,90,1,1,0,1,0,1,0,0,0,0,0,1,1,1,0,1
827,stanlpenn.bond,23,0,1,0,0,0,1,0,0,0,0,0,0,0,1,1,1
828,metafb-xqytbvp.firebaseapp.com,39,0,1,0,1,0,1,0,0,0,0,1,1,1,1,0,1
829,bafybeiccmjd4sdbquib6cecvjgazvd5omg6ngkmyoi3yd5qdaemma66enm.ipfs.fleek.cool,84,0,1,0,0,0,1,0,0,0,0,0,0,0,1,1,1
830,allegrolokalnee.34151516.xyz,43,1,0,0,0,0,1,0,0,0,0,0,0,0,1,1,1
831,ollx.8870985.xyz,42,3,1,0,0,0,1,0,0,0,0,0,0,0,1,1,1
832,policy-ad-case-91785-35323.web.app,43,0,1,0,1,0,1,0,0,0,0,0,1,1,1,0,1
833,sp880111.sitebeat.crazydomains.com,43,0,1,0,0,0,1,0,0,0,0,0,0,0,0,0,1
834,area-clienti.bambinos.it,43,2,0,0,1,0,1,1,0,0,0,0,0,0,1,1,1
835,meta-for-business-case-dc45f.firebaseapp.com,53,0,1,0,1,0,1,0,0,0,0,1,1,1,1,0,1
836,onne.link,92,1,1,0,0,0,1,0,0,0,0,0,1,1,0,0,1
837,help-center610.crabdance.com,42,1,0,0,1,0,1,0,0,0,0,0,1,1,1,1,1
838,xjautx-gaucz45evq-uc.a.run.app,39,0,1,0,1,0,1,0,0,0,0,0,1,1,1,0,1
839,altratechpicks.com,1158,4,1,0,0,0,1,0,0,0,0,0,0,0,1,1,1
840,pockateard.co.jp.jbxcmh.top,58,2,0,0,0,0,2,0,0,0,0,0,1,1,1,1,1
841,sinucasx.blogspot.com,30,0,1,1,0,0,1,0,0,0,0,1,1,1,0,0,1
842,syno.etheve-cloud.fr,117,10,1,0,1,0,1,0,0,0,0,0,0,0,0,0,1
843,blgstoragenew.blob.core.windows.net,55,2,1,0,0,0,2,0,0,0,0,0,1,1,1,1,1
844,bio.site,28,1,1,0,0,0,1,0,0,0,0,0,1,1,0,0,1
845,klemens.justynaszulik.pl,62,2,1,0,0,0,2,0,0,0,0,0,0,0,1,1,1
846,sitha666sjhtxa-3.joel-alejandro4.repl.co,49,0,1,0,1,0,1,0,0,0,0,0,1,1,1,1,1
847,sawmumkis.web.app,26,0,1,0,0,0,1,0,0,0,0,0,1,1,1,0,1
848,10151303702553124.work.gd,33,0,0,0,0,0,1,0,0,0,0,0,1,1,1,0,1
849,7de68cf5848416.writesthisblog.com,49,1,0,0,0,0,1,0,0,0,0,1,1,1,1,1,1
850,3242-68795.000webhostapp.com,50,1,1,0,1,0,2,0,0,0,1,0,0,0,0,0,1
851,iaccountts.08000usernew0.repl.co,41,0,1,0,0,0,1,0,0,0,0,0,1,1,1,1,1
852,jedrick.arkadiusz.info.pl,59,2,1,0,0,0,2,0,0,0,0,0,0,0,0,0,1
853,dbute-webportal-online.66-29-142-240.cprapid.com,77,3,1,0,1,0,2,0,0,0,0,0,0,0,1,1,1
854,cloudflare-ipfs.com,92,2,1,0,1,0,1,0,0,0,0,0,0,0,0,0,1
855,ilqumrvzjl.duckdns.org,29,0,0,0,0,0,0,0,0,0,0,0,1,1,1,1,1
856,ipfs.io,67,2,1,0,0,0,1,0,0,0,0,0,0,0,1,0,1
857,touesquestiondossier.firebaseapp.com,45,0,1,0,0,0,1,0,0,0,0,1,1,1,1,0,1
858,sirenita-kub.blogspot.com,34,0,1,1,1,0,1,0,0,0,0,1,1,1,0,0,1
859,scissoron.com,26,0,1,0,0,0,1,0,0,0,0,0,0,0,0,0,1
860,d1rect.smtb.jp.dconsultingdeng.com,70,3,1,0,0,0,2,1,0,0,0,0,0,0,1,1,1
861,234810.jimdosite.com,29,0,1,0,0,0,1,0,0,0,0,0,0,0,1,0,1
862,logins.194-180-48-242.cprapid.com,57,1,1,0,1,0,1,0,0,0,1,0,0,0,1,1,1
863,kckrccfxvqkjjfdlp.abgbgyra.nl,88,1,1,0,0,0,2,0,0,0,0,0,1,1,1,1,1
864,ipfs.io,78,3,1,0,0,0,2,0,0,0,0,0,0,0,1,0,1
865,amazcazm-co-jp.amazocon.chatdouyin.top,50,0,0,0,1,0,1,0,0,0,0,0,0,0,1,1,1
866,pub-69da7641f5494acc80fda0157f598517.r2.dev,67,1,1,0,1,0,2,0,0,0,0,0,0,0,1,0,1
867,keeslerfraud.web.app,29,0,1,0,0,0,1,0,0,0,0,0,1,1,1,0,1
868,cake-political-appeal.glitch.me,49,1,0,0,1,0,2,0,0,0,0,1,1,1,1,0,1
869,btwv54.ygto.com,23,0,1,0,0,0,0,0,0,0,0,0,0,0,1,1,1
870,satafeempresa.com,26,0,1,0,0,0,1,0,0,0,0,0,0,0,1,1,1
871,auas-post.top,22,0,1,0,1,0,1,0,0,0,0,0,0,0,1,1,1
872,atoverifi06t.top,35,1,1,0,0,0,2,0,0,0,0,0,0,0,1,1,1
873,ipfs.io,42949,4,1,0,0,0,2,0,0,0,0,0,0,0,1,0,1
874,s.smcbazmsucszu.icu,28,0,1,0,0,0,1,0,0,0,0,0,0,0,1,1,1
875,app.lovers102.vip,43,2,1,0,0,0,1,0,0,0,0,0,1,1,1,1,1
876,paypal-support.com.desenvolvedortheosbank.com.br,185,1,0,1,1,0,2,0,0,0,1,0,0,0,1,0,1
877,associazione4s.it,47,3,1,0,0,0,2,0,0,0,0,0,0,0,1,1,1
878,vewc23dwc.dumb1.com,28,0,1,0,0,0,1,0,0,0,0,0,0,0,1,1,1
879,bogotabancaonli.repl.co,31,0,1,0,0,0,0,0,0,0,0,0,1,1,1,0,1
880,csrpa.xyz,41,2,1,0,0,0,2,0,0,0,1,0,1,1,1,1,1
881,bafybeibc3y6ivi7rdhiylm7h6pss6qdbpqhoclfc3jxgho26jvuzhhj3yq.ipfs.dweb.link,83,0,1,0,0,0,1,0,0,0,0,0,0,0,1,0,1
882,ipfs.io,81,2,1,0,0,0,1,0,0,0,0,0,0,0,1,0,1
883,eggheadslimited.com,28,0,1,0,0,0,1,0,0,0,0,0,0,0,1,0,1
884,help-center507.crabdance.com,42,1,0,0,1,0,1,0,0,0,0,0,1,1,1,1,1
885,olelixeringerer.shop,45,2,1,0,0,0,1,0,0,0,0,0,0,0,1,1,1
886,yum.tgelegrem.vip,24,0,0,0,0,0,0,0,0,0,0,0,1,1,1,1,1
887,is.gd,20,1,1,1,0,0,1,0,0,0,0,0,1,1,1,0,1
888,americaooxprecs.co.jp.xwiiqr.cn,43,0,0,0,0,0,1,0,0,0,0,1,1,1,1,1,1
889,managearuba.sella2.104-234-10-107.cprapid.com,77,3,1,0,1,0,2,0,0,0,0,0,0,0,1,1,1
890,express.adobe.com,44,2,0,0,0,0,1,0,0,0,0,0,1,1,0,0,1
891,empty-cloud-8df7.admwdj.workers.dev,44,0,1,0,1,0,1,0,0,0,0,0,1,1,0,0,1
892,connection-orangebank-certicode.derlma.com,59,1,1,0,1,0,1,0,0,0,0,0,0,0,1,1,1
893,pocketcacd.co.jp.rnflew.top,58,2,0,0,0,0,2,0,0,0,0,0,1,1,1,1,1
894,thedesigny.ir,37,1,1,0,0,0,2,0,0,0,0,0,1,1,1,1,1
895,meta-business-case-aeef5.firebaseapp.com,49,0,1,0,1,0,1,0,0,0,0,1,1,1,1,0,1
896,gl2.guru,39,1,1,0,0,0,1,0,0,0,0,0,1,1,1,1,1
897,gimp210.z13.web.core.windows.net,41,0,1,0,0,0,1,0,0,0,0,0,1,1,1,1,1
898,bartlomiej.arkadiusz.info.pl,44,1,1,0,0,0,1,0,0,0,0,0,0,0,0,0,1
899,kueresnsaskaycsato.co.jp.cetticsz.cn,49,0,1,0,0,0,1,0,0,0,0,0,0,0,1,1,1
900,help-center190.crabdance.com,42,1,0,0,1,0,1,0,0,0,0,0,1,1,1,1,1
901,spotify.ax,63,2,1,0,0,0,1,0,0,0,0,0,1,1,0,0,1
902,ipfs.io,67,2,1,0,0,0,1,0,0,0,0,0,0,0,1,0,1
903,bafybeicmcl2gijlrw4gpe7nxwl3fd42wva342tjiwj4wkh2sfxfh5vwcki.ipfs.nftstorage.link,99,1,1,0,0,0,2,0,0,0,0,0,0,0,1,0,1
904,ccoopeealiiianzas.web.app,33,0,1,0,0,0,0,0,0,0,0,0,1,1,1,0,1
905,scvbxd3f.web.app,25,0,1,0,0,0,1,0,0,0,0,0,1,1,1,0,1
906,lmufjh.webwave.dev,27,0,1,0,0,0,1,0,0,0,0,0,0,0,1,0,1
907,sparkasse.de-secure.id,43,2,1,0,1,0,2,0,0,0,0,0,0,0,1,1,1
908,bprritaliaonline.com,29,0,1,0,0,0,1,0,0,0,0,0,0,0,1,1,1
909,sites.google.com,34,2,0,0,0,0,1,0,0,0,0,0,1,1,0,1,1
910,pockatacad.co.jp.jwhlwb.top,58,2,0,0,0,0,2,0,0,0,0,0,1,1,1,1,1
911,infura-ipfs.io,100,3,1,0,1,0,3,0,0,0,0,0,1,1,1,0,1
912,ipfs.io,68,2,1,0,0,0,1,0,0,0,0,0,0,0,1,0,1
913,recklessnavymoto.475996.repl.co,51,1,1,0,0,0,2,0,0,0,0,0,1,1,1,0,1
914,portale-client-web.162-213-250-204.cprapid.com,118,1,1,0,1,0,2,1,0,0,0,0,0,0,1,1,1
915,srv185899.hoster-test.ru,50,2,0,0,1,0,1,0,0,0,0,0,0,0,1,1,1
916,att82.godaddysites.com,31,0,1,0,0,0,1,0,0,0,0,0,0,0,1,0,1
917,pcrcpbpagesadministrationpbloginpageaspxauthorizationi.bancagpromerica.repl.co,87,0,1,0,0,0,1,0,1,0,1,0,1,1,1,1,1
918,authentificationpostale789.mystrikingly.com,52,0,1,0,0,0,1,0,0,0,0,0,0,0,1,0,1
919,43.159.48.238,472,3,1,0,0,0,1,0,0,0,0,0,1,1,1,1,1
920,impost.835366830.xyz,46,3,1,0,0,0,1,0,0,0,0,0,0,0,1,1,1
921,gateway.pinata.cloud,120,3,1,0,0,0,2,0,0,0,0,0,1,1,1,0,1
922,damp-lake-798f.613zoc26.workers.dev,44,0,1,0,1,0,1,0,0,0,0,0,1,1,0,0,1
923,email.magyarposta.hu.37-143-10-76.cprapid.com,65,2,1,0,1,0,1,0,0,0,0,0,0,0,1,1,1
924,wwwzonapromericangtenlinea.dgypt.sa.com,48,0,1,0,0,0,1,0,0,0,0,1,1,1,1,1,1
925,ww-acessaronline-gratis.blogspot.com,107,0,1,1,1,0,1,0,0,0,0,1,1,1,0,0,1
926,sg-dbspay.top,22,0,1,0,1,0,1,0,0,0,0,0,0,0,1,1,1
927,randomarts.netlify.app,31,0,1,0,0,0,1,0,0,0,0,0,1,1,1,0,1
928,user-info-id.67-223-117-171.cprapid.com,48,0,1,0,1,0,1,0,0,0,0,0,0,0,1,1,1
929,lirium.com.co,33,2,1,0,0,0,1,0,0,0,0,0,0,0,0,0,1
930,xn--panckswap-31a3g.com,30,0,0,0,1,0,0,0,0,0,0,0,0,0,1,1,1
931,myth.westernonly.bar,28,0,1,0,0,0,0,0,0,0,0,0,0,0,1,1,1
932,trackandtrace-postoffice-online.shop,51,1,1,0,1,0,1,0,0,0,0,0,1,1,1,1,1
933,help-center663.crabdance.com,42,1,0,0,1,0,1,0,0,0,0,0,1,1,1,1,1
934,ipfs.io,67,2,1,0,0,0,1,0,0,0,0,0,0,0,1,0,1
935,dev-cct67.pantheonsite.io,33,0,1,0,1,0,0,0,0,0,0,0,1,1,1,0,1
936,links.mail.service-airfrance.com,233,1,1,0,1,0,1,0,0,0,0,0,1,1,1,0,1
937,acomapnhamentodigital2023.com,116,2,1,0,0,0,2,0,0,0,0,0,0,0,1,1,1
938,pymnt-rcvryprime.reenviarian.com,40,0,1,0,1,0,0,0,0,0,0,0,0,0,1,1,1
939,eki-net-jp18.top,34,1,1,0,1,0,2,0,0,0,1,0,0,0,1,1,1
940,pocketcacd.co.jp.okeonv.top,58,2,0,0,0,0,2,0,0,0,0,0,1,1,1,1,1
941,rakutensadfa3.top,25,0,1,0,0,0,0,0,0,0,0,0,0,0,1,1,1
942,bafybeidralia2bkrev43jlnhhxyadvex4xa7tmzzc3kuasqz6ukhrl5r7q.ipfs.cf-ipfs.com,85,0,1,0,1,0,1,0,0,0,0,0,0,0,0,0,1
943,meuitauresgatedigital.z13.web.core.windows.net,55,0,1,0,0,0,1,0,0,0,0,0,1,1,1,1,1
944,8abi.short.gy,25,1,1,0,0,0,1,0,0,0,0,0,0,0,1,0,1
945,pdxsportsbook.com,31,1,1,0,0,0,1,0,0,0,0,0,0,0,1,1,1
946,verification-for-your-account.com,42,0,1,1,1,0,1,0,0,0,0,0,0,0,0,0,1
947,odsajkdla.jungleheart.com,34,0,1,1,0,0,1,0,0,0,0,0,0,0,1,1,1
948,promericangtenlinea.com,32,0,1,0,0,0,1,0,0,0,0,1,1,1,1,1,1
949,dev-validaritau-py.pantheonsite.io,53,1,1,0,1,0,2,0,0,0,0,0,1,1,1,0,1
950,liceojosesantosossa.cl,34,1,1,0,0,0,1,0,0,0,0,0,0,0,1,0,1
951,smbc.store,23,0,1,0,0,0,1,0,0,0,0,0,1,1,1,1,1
952,postaul.xyz,20,0,1,0,0,0,1,0,0,0,0,0,0,0,1,1,1
953,acomuler-1128597.cloud-fr1.unispace.io,100,2,1,0,1,0,2,0,0,0,1,0,0,0,1,0,1
954,theheasmans.com,24,0,1,0,0,0,1,0,0,0,0,0,0,0,1,0,1
955,mpshining.com,24,1,1,0,0,0,1,0,0,0,0,0,0,0,0,0,1
956,ijkibzxxwv.duckdns.org,29,0,0,0,0,0,0,0,0,0,0,0,1,1,1,1,1
957,ygbarujauhlebihenak-fsef3.rf.gd,39,0,0,0,1,0,1,0,0,0,0,0,1,1,1,0,1
958,app-fahey007.3pnkheghiu-yjr3ozy0r41m.p.temp-site.link,85,1,0,0,1,0,2,0,0,0,0,0,1,1,1,1,1
959,daviplogo.daviplatalogo.repl.co,40,0,1,0,0,0,1,0,0,0,0,0,1,1,1,0,1
960,nftstorage.link,75,2,1,0,0,0,1,0,0,0,0,0,0,0,1,0,1
961,rfpassivedevices.com,47,3,1,0,0,0,2,0,0,0,0,0,0,0,0,0,1
962,mobildeniz-acikdeniz.top,33,0,1,0,1,0,1,0,0,0,0,0,0,0,1,1,1
963,dasistlnichteer-genausg093.ams3.cdn.digitaloceanspaces.com,203,4,1,0,1,0,2,0,0,0,0,0,0,0,1,1,1
964,96464601641416.hyperphp.com,35,0,0,0,0,0,1,0,0,0,0,0,0,0,1,0,1
965,aeonbamk-co-jp.venuted.bond,41,1,1,0,1,0,1,0,0,0,1,0,0,0,1,1,1
966,agenziaareac.it,31,1,1,0,0,0,1,0,0,0,0,0,0,0,1,1,1
967,hgfdjytru.longmusic.com,32,0,1,0,0,0,1,0,0,0,0,0,0,0,1,1,1
968,gateway.pinata.cloud,94,2,1,0,0,0,1,0,0,0,0,0,1,1,1,1,1
969,katesfamilypets.com,40,1,1,0,0,0,2,0,0,0,0,0,0,0,0,0,1
970,mkikisyayt.duckdns.org,29,0,0,0,0,0,0,0,0,0,0,0,1,1,1,1,1
971,loving-tharp.45-14-165-241.plesk.page,69,1,1,0,1,0,1,0,0,0,0,0,1,1,1,1,1
972,boat-fpuz-e2sq.pbsxp55s5968.workers.dev,48,0,1,0,1,0,1,0,0,0,0,0,1,1,0,0,1
973,sistecwebenv-1483247.ryd.wafaicloud.com,48,0,1,0,1,0,1,0,0,0,0,0,0,0,1,0,1
974,pzyx8.cn,16,0,1,0,0,0,0,0,0,0,0,0,0,0,1,1,1
975,45.82.120.17,20,0,0,0,0,0,1,0,0,0,0,0,1,1,1,1,1
976,9cvt8p.serveusers.com,29,0,1,0,0,0,0,0,0,0,0,0,0,0,1,1,1
977,alertabradesco.com,37,1,1,0,0,0,2,0,0,0,0,0,0,0,1,1,1
978,node3yieldrobot.com,26,0,0,1,0,0,0,0,0,0,0,0,0,0,1,1,1
979,dhl.384878.darrell.wtf,51,1,1,0,0,0,2,0,0,0,1,0,1,1,1,1,1
980,jaces-co-jp.masterto.com.cn,50,1,1,0,1,0,1,0,0,0,0,0,0,0,1,1,1
981,rewsdsadq.mylftv.com,38,1,1,0,0,0,2,0,0,0,1,0,0,0,1,1,1
982,web998882.7837733.repl.co,32,0,0,0,0,0,0,0,0,0,0,0,1,1,1,0,1
983,swisspassdzb-sbbsec.rolop.cl,37,0,1,0,1,0,1,0,0,0,0,0,0,0,1,1,1
984,umioipdhrd.duckdns.org,29,0,0,0,0,0,0,0,0,0,0,0,1,1,1,1,1
985,refacsol.com,34,2,1,0,0,0,1,0,0,0,0,0,1,1,1,0,1
986,kobe-sannomiya-law-1318233601.cos.ap-seoul.myqcloud.com,86,1,0,0,1,0,2,0,0,0,0,0,0,0,1,0,1
987,zom.ink,21,1,1,0,0,0,1,0,0,0,0,0,1,1,0,0,1
988,bafybeifaepewbypikaxmjs6hipa3unjqoqggurgxnzcqomfqkawatnyztm.ipfs.infura-ipfs.io,95,1,1,0,1,0,2,0,0,0,0,0,1,1,0,0,1
989,case-help-51983.top,28,0,1,0,1,0,1,0,0,0,0,0,0,0,1,1,1
990,formtools.com,37,2,1,0,0,0,1,0,0,0,0,0,0,0,0,0,1
991,pub-9591e9b6a62d4206afc7da1cc045d4a9.r2.dev,63,1,1,0,1,0,2,0,0,0,0,0,0,0,0,0,1
992,sexton.badeneg.pl,50,2,1,0,0,0,2,0,0,0,0,0,0,0,0,0,1
993,nftstorage.link,75,2,1,0,0,0,1,0,0,0,0,0,0,0,1,0,1
994,posti-paketti-net-fi.com,38,1,1,0,1,0,1,0,0,0,0,0,0,0,1,1,1
995,c6zq101.duckdns.org,26,0,0,0,0,0,0,0,0,0,0,0,1,1,1,1,1
996,rb.gy,20,1,1,0,0,0,1,0,0,0,0,0,0,0,1,0,1
997,date-update-ups.com,27,0,0,0,1,0,1,0,0,0,0,0,0,0,1,1,1
998,bafybeihjxu4ce4eox5zt4ieqxbo3vjhjwkplzqjuofokayis6rg6t4xjhq.ipfs.nftstorage.link,96,1,1,0,0,0,2,0,0,0,0,0,0,0,1,0,1
999,walldesign.com.tr,43,3,1,0,0,0,1,0,1,0,0,0,0,0,1,1,1
